path	sha256
bottleneck-pressure-events.csv	f6488894a24a8e6744a48be138bf788f9969c7e3904d72d5de170c0264799da0
budget-termination.properties	f99f0b0f9fc11de05d2b40f100642c63f5bf690e1827121c71f4b899de9e6d5f
ca-ta-lite-events.log	aa75ae7d86491e31f4fb3837d9d9b91db05ba9d9e0a86822168bab0c0037b7de
cmax-audit-curves.csv	e5116a9a72dda6e2466640f54db396bc2de621e3b8acaddd6523e5e5c1bcca17
cmax-audit-records.csv	8ae6ce625a34f4a1f12d642b8322127e40789a262f9b0a2989b0a379b1a321af
cmax-audit-summary.txt	8c454f11d48c27a3cbdadafe60739a6e1f5842930672245b072bcef9140e6b98
configuration.txt	2264f47d5ea46b82f6dd8856835a5e6f9e42c1a8a29565dd7c4e566622e2dee4
diagnosis-summary.properties	5459a9d1511386edd484cf99c242fd5a219e90e67fd3ea09abef9d1e00654b16
dscr-events.csv	a96bc6612eae9c8c2c981f0e597a5136f24119fcce777095fb27f6d7ce97ba0a
dscr-summary.properties	14adcab133783f473fbbc7121d1666d5dab194279cf93362daf24b578a55446e
dscr-teacher-uses.csv	1f7ee9b675c3f38634479ffde601b4a1aefe5edfc7a3709f3c41a99a2d756d25
formal-gate.properties	9688286c7c2d55f9e4b3b1262adc418740de2de459a25404b22c0d2dc849f6af
front.csv	9e2555ad20f8b715fa1fdbc98af1f33bf2b850103507a1ee93f41d3272aa621d
initial-population.sha256	90000c86209b794aa003177893e3909296317f33b0fd0d2f37a53cbacb372915
passive-archive.csv	ad70aef3a3a138828b25f8b69810d2b4d452233310d0ca428e934d8075f68736
passive-summary.properties	9bd1b1045da9850a5ab4beb32da6c36618da62fca7d5ce7cd4bbc90797c725af
pddr-observation.properties	91c8214f1219a31267749f58f8d5d8794816b7e91f2382e8625667c5f6f7e7d5
profile.sha256	9cd76497a94232a0233d02bb842c422424a43bc8824788bd419d792d74fc2dd8
profile.txt	f4cf6fb2c28a38d4d43e2c9a28007987fe0649422ccc15b8748a53fc6340f4cf
shadow-probes.csv	21ca378b8ef91b43baf94aee00f2b6da2a74fdd54ae877277cb8a0dff14031f2
status.properties	aa30e94235ad45bf21512d7c907e31ba423d9722fefc6464c1e9cd0097768c3a
