sha256	bytes	path
4f3d200ea997379d41a57d70ffff60b0769fbddff2e8fffef2ec169176c05632	144352	bottleneck-pressure-events.csv
734f3230c3ac194eec6499d85525c7700d8a7df07259017ed74076e85a7d1f00	472771	ca-ta-lite-events.log
145cdadd6d7ff847b7a2d2a6c21be1997124b16d6a4c51ed4b628e5bbf06e587	10092	cmax-audit-curves.csv
449fad86d0046a0a4655b65ec626d4cccf84984f75e90e4d3bcaee5f216c8422	28276	cmax-audit-records.csv
ff191fc46d66a799d44df5775fead428e789f7bfbbfc4be4a9ed0646c0af14e3	502	cmax-audit-summary.txt
ead2e7085c176501ba5a374fe13b56861acb29714199fbdfeb843c19448a2054	2302	configuration.txt
5459a9d1511386edd484cf99c242fd5a219e90e67fd3ea09abef9d1e00654b16	90	diagnosis-summary.properties
88020f7240e19b7b577e6626613b6a15eafcede852e1e342aeca17fea5d45d1a	6694493	dscr-events.csv
b68bc7d2944073d57c15243fb5611729f2cfd40652fef7d59d215eb2b634d939	161	dscr-summary.properties
8698574654a6018fd12cdb9fdc86f03c7fb756e61a256b36ad5a3a62cd6b835d	1652299	dscr-teacher-uses.csv
5297a494c8a0f04f5589bd949684b30c1c51bdd5b598f882786e9f9820644ed3	171310	dual-q-events.log
1a06820cb4629510a282320fe58970680c7eadb1298b0b410b40d49add26c24f	170	dual-q-summary.properties
be082ada7e025f70c29312f045b52550a75316c1378cb1272a81cf3d15564d35	1170	fc5-transfer-archive-working-gap.csv
27da8186606bd884c7b80f9fe0b8a5bacf77be5f2cb4908cd777b421cc9583de	37736	fc5-transfer-directional-representative-lifecycle.csv
ace9eae787573680236ac5d57091d07a7ada3534bd2923f7bce27765a5d0a0b0	240	fc5-transfer-merge-rounds.csv
661546ea0c7be53287567069120eb6b7f18d57d53035e5503e69e67d212f90f0	205	fc5-transfer-summary.properties
a24c0e9ca849334d2f6756a0353cd20b6ac4915f1ae89cd20be727557e5e8619	130	fc5-transfer-windowed-merge-overflow.csv
0f098d6e1e4e1b633b6157e06a6157c04740fb831e75face427f3ecde6a2174f	7070	front.csv
ac03f125bd030fade5aa00acf6c70ca8a01aead392aca0d2c81d3b1ccfc7a092	211	initial-population.sha256
c125aa356273ec6d85319f1990d27ee88aa7a1884d01f723206db2465cd17d93	106851	lineage-events.log
cadf65a0fbedb04feaa1d8069ba6e238d8bea20008c64e3fa5d57b8479d202bb	253	lineage-summary.properties
b621d036298352f765842b89fe6760b730436755aba0673b726589a35db3f03a	758015	qp-events.log
9b9e60f43e91b352d62628e0cdbd619364ec6166e30ed92cfd12e42265b1d47b	785	qp-summary.properties
21ca378b8ef91b43baf94aee00f2b6da2a74fdd54ae877277cb8a0dff14031f2	224	shadow-probes.csv
6df9459136ce299b5a6d2b073b3834105c771f296bf306a935e28f0587c4fbe8	2147	status.properties
178310a7c89b4547967fc93bdcaa4fd4b691702a20693501e1655e15209f6233	204	telemetry-contract.properties
