label,matrix,status,reason,mechanismHash,initialHash,FE,frontSize,baselineUpdates,cfvfOffspring,pddrEvents,archiveInsertions,lineageEvents,qgSelections,qpActions,dualQEvents,fixedEvents,cataTest,cataApply,formalOuter,formalQRounds,formalCriticalSwap,formalCriticalInsert,formalO1O9
FV0,FV,PASS,"",6954d57c3f2b916b03fbd5e6570f2e09038843e8412bb2f3b7b4d71d639e21b5,e8885798be70374e73d48e996145681d926aa9ba1fe44836c234daf7b552dc41,1956,41,200,0,2,0,0,8,0,0,1800,0,0,0,0,0,0,0
FV1,FV,PASS,"",b3b0d6bcf322a5e9c5741cb4057992281c64c5f431b52a7d4c50636558e742fc,e8885798be70374e73d48e996145681d926aa9ba1fe44836c234daf7b552dc41,1985,35,0,200,2,0,0,8,0,0,1800,0,0,0,0,0,0,0
FV2,FV,PASS,"",a4509323e6aa5e36ae8af636464630caf73893fc35315e8a4fae4f2e46978a84,e8885798be70374e73d48e996145681d926aa9ba1fe44836c234daf7b552dc41,1977,38,0,200,2,0,0,8,0,0,1800,0,0,0,0,0,0,0
FV3,FV,PASS,"",eff4b9a2b2c2c379e5a9764724eace0cd0c1718f5ccd4e766c91d2ad1f4fd647,e8885798be70374e73d48e996145681d926aa9ba1fe44836c234daf7b552dc41,1977,26,0,200,2,0,0,8,0,0,1800,0,0,0,0,0,0,0
FV4,FV,PASS,"",382e392d1cb78ae5c0c451da43818d102a9bb40332553feae565a63b129f05ef,e8885798be70374e73d48e996145681d926aa9ba1fe44836c234daf7b552dc41,1979,36,0,200,2,0,0,8,0,0,1800,0,0,0,0,0,0,0
FV5,FV,PASS,"",c36d2c02bd1741eea118e34d14f35ae9402dd0cab6b05b1839a5dc400982b769,e8885798be70374e73d48e996145681d926aa9ba1fe44836c234daf7b552dc41,1952,35,0,200,2,0,0,8,0,0,1800,0,0,0,0,0,0,0
FV-Full,FV,PASS,"",b1ebce82eddc84b1cfc4331b0cea4d4fc0256da2072a88d9f944bbd794c646df,e8885798be70374e73d48e996145681d926aa9ba1fe44836c234daf7b552dc41,1965,37,0,200,2,200,594,8,100,2,1800,0,0,0,0,0,0,0
FM0,FM,PASS,"",b6c9ef4a34076bd92dcbe002e5e23a406aec99ef22995b05d6876ecf9ce628b5,e8885798be70374e73d48e996145681d926aa9ba1fe44836c234daf7b552dc41,1972,40,200,0,2,0,0,8,0,0,1800,0,0,0,0,0,0,0
FM1,FM,PASS,"",559030f136afcbd81d76c404c3b16b70754abf358dc55c045eedcedb36d03dd0,e8885798be70374e73d48e996145681d926aa9ba1fe44836c234daf7b552dc41,1982,44,200,0,2,0,0,8,0,0,1800,0,0,0,0,0,0,0
FM2,FM,PASS,"",f521af67091e7626402de7faf0385aaa307ecf875e9d62c5ef6b1ee31929c503,e8885798be70374e73d48e996145681d926aa9ba1fe44836c234daf7b552dc41,1999,57,200,0,2,0,0,8,0,0,1800,0,0,0,0,0,0,0
FM3,FM,PASS,"",21422444f74eba373f2a03e18ad23365b57a9cb294f10dd2024d4639b0e52689,e8885798be70374e73d48e996145681d926aa9ba1fe44836c234daf7b552dc41,1956,41,200,0,2,0,0,8,0,0,1800,0,0,0,0,0,0,0
QP0,QP,PASS,"",f1f6fd47a6642439b388e787b90799185591258d7c4feb1be9f44b3ba0cb07bd,e8885798be70374e73d48e996145681d926aa9ba1fe44836c234daf7b552dc41,1984,65,200,0,2,0,0,0,0,0,1800,0,0,0,0,0,0,0
QP1,QP,PASS,"",02c244e95a78e485c65016d6b92a528760df8197106e8c2bf5879b915b7eb9e0,e8885798be70374e73d48e996145681d926aa9ba1fe44836c234daf7b552dc41,1984,46,200,0,2,200,570,0,0,0,1800,0,0,0,0,0,0,0
QP2,QP,PASS,"",394b7c84f650fd97779f7c1938fdb2b36c203823cd2c0de697b34be783ed2696,e8885798be70374e73d48e996145681d926aa9ba1fe44836c234daf7b552dc41,1986,59,200,0,2,200,577,0,0,0,1800,0,0,0,0,0,0,0
QP3,QP,PASS,"",19a7fa3abc2284bf5a9cd633fe79b7d9ed4f3f14b07ea9b2763836d4f45f26c7,e8885798be70374e73d48e996145681d926aa9ba1fe44836c234daf7b552dc41,1983,48,200,0,2,200,576,0,200,0,1800,0,0,0,0,0,0,0
QP4,QP,PASS,"",f1d700be28983f61e48cdf89bde10a6ad532de49ce45f6696a7832878263e975,e8885798be70374e73d48e996145681d926aa9ba1fe44836c234daf7b552dc41,1976,60,200,0,2,200,584,8,200,0,1800,0,0,0,0,0,0,0
QP5,QP,PASS,"",7ba52d218dde9aa7594b0646e5394fa9e9fc888dc03c07af1232f920ce37bcaf,e8885798be70374e73d48e996145681d926aa9ba1fe44836c234daf7b552dc41,1975,47,200,0,2,200,582,8,100,2,1800,0,0,0,0,0,0,0
QP6,QP,PASS,"",e5a6c5cee08e0c5eb119ba4c84ee557fd6df870e9389ff696e5050a2f57689d4,e8885798be70374e73d48e996145681d926aa9ba1fe44836c234daf7b552dc41,1965,37,0,200,2,200,594,8,100,2,1800,0,0,0,0,0,0,0
V0,VNS,PASS,"",b1ebce82eddc84b1cfc4331b0cea4d4fc0256da2072a88d9f944bbd794c646df,e8885798be70374e73d48e996145681d926aa9ba1fe44836c234daf7b552dc41,1965,37,0,200,2,200,594,8,100,2,1800,0,0,0,0,0,0,0
V1,VNS,PASS,"",7274c8c524b240adc46d75d97b15d5026f66ee3b99b20e9f38342645f891cbd6,e8885798be70374e73d48e996145681d926aa9ba1fe44836c234daf7b552dc41,2000,35,0,200,2,200,591,8,100,2,1938,0,0,0,0,0,0,0
V2,VNS,PASS,"",b801636e4c25815feef9f61adc1f561ad89af85890fbb48e3388c85f21804567,e8885798be70374e73d48e996145681d926aa9ba1fe44836c234daf7b552dc41,2000,28,0,200,2,200,592,8,100,2,1892,0,0,0,0,0,0,0
V3,VNS,PASS,"",265ae2a9da7d181274230e05ce1b7644da55507631faf35a8f3a337e14111b49,e8885798be70374e73d48e996145681d926aa9ba1fe44836c234daf7b552dc41,1952,28,0,200,2,200,579,8,100,2,0,1589,63,0,0,0,0,0
V4,VNS,PASS,"",58accd5ab4cdc07b57a650ed67fed5265168a3656ecec8357419fa491decf857,e8885798be70374e73d48e996145681d926aa9ba1fe44836c234daf7b552dc41,2000,50,0,700,7,700,1505,28,600,7,0,778,422,0,0,0,0,0
V5,VNS,PASS,"",cf93e4ad144997eb6ca9e9679e3473ce015e1fd4e87608de839a5f400f97b744,e8885798be70374e73d48e996145681d926aa9ba1fe44836c234daf7b552dc41,2000,57,0,700,7,700,1505,28,600,7,0,774,426,0,0,0,0,0
V-Full,VNS,PASS,"",c714b29be4f15d1ec02328fa9714237ac8c1ab8d9e55a39453772d7362fb403d,e8885798be70374e73d48e996145681d926aa9ba1fe44836c234daf7b552dc41,2000,45,0,700,7,700,1509,28,600,7,0,777,423,0,0,0,0,0
B0,FULL,PASS,"",b6c9ef4a34076bd92dcbe002e5e23a406aec99ef22995b05d6876ecf9ce628b5,e8885798be70374e73d48e996145681d926aa9ba1fe44836c234daf7b552dc41,2000,31,400,0,2,0,0,16,0,0,1269,0,0,2,4,142,142,1216
B1,FULL,PASS,"",21422444f74eba373f2a03e18ad23365b57a9cb294f10dd2024d4639b0e52689,e8885798be70374e73d48e996145681d926aa9ba1fe44836c234daf7b552dc41,2000,41,400,0,2,0,0,16,0,0,1269,0,0,2,4,141,141,1218
B2,FULL,PASS,"",003cc8faf64960845d52b24954c94998a43145046dd8a5bdd5b2a39097c7b6a8,e8885798be70374e73d48e996145681d926aa9ba1fe44836c234daf7b552dc41,1977,26,0,200,2,0,0,8,0,0,1800,0,0,0,0,0,0,0
B3,FULL,PASS,"",4b529a82fce90b5988e32767923d848ada77b25a108d4ff3e5ff9bac61d886aa,e8885798be70374e73d48e996145681d926aa9ba1fe44836c234daf7b552dc41,1977,26,0,200,2,200,573,8,0,0,1800,0,0,0,0,0,0,0
B4,FULL,PASS,"",2ace2dec95aafb696f80b2444a57ac7c5a288314c68e349300e3937a174c262b,e8885798be70374e73d48e996145681d926aa9ba1fe44836c234daf7b552dc41,1971,39,0,200,2,200,596,8,200,0,1800,0,0,0,0,0,0,0
B5,FULL,PASS,"",b1ebce82eddc84b1cfc4331b0cea4d4fc0256da2072a88d9f944bbd794c646df,e8885798be70374e73d48e996145681d926aa9ba1fe44836c234daf7b552dc41,1965,37,0,200,2,200,594,8,100,2,1800,0,0,0,0,0,0,0
B6,FULL,PASS,"",7274c8c524b240adc46d75d97b15d5026f66ee3b99b20e9f38342645f891cbd6,e8885798be70374e73d48e996145681d926aa9ba1fe44836c234daf7b552dc41,2000,35,0,200,2,200,591,8,100,2,1938,0,0,0,0,0,0,0
B7,FULL,PASS,"",cf93e4ad144997eb6ca9e9679e3473ce015e1fd4e87608de839a5f400f97b744,e8885798be70374e73d48e996145681d926aa9ba1fe44836c234daf7b552dc41,2000,52,0,700,7,700,1496,28,600,7,0,780,420,0,0,0,0,0
FULL,FULL,PASS,"",c714b29be4f15d1ec02328fa9714237ac8c1ab8d9e55a39453772d7362fb403d,e8885798be70374e73d48e996145681d926aa9ba1fe44836c234daf7b552dc41,2000,65,0,700,7,700,1506,28,600,7,0,780,420,0,0,0,0,0
