# per-run evidence manifest; excludes self
sha256	path	bytes
2aec2d238b97a6b2428482dc813ca525ebf91ecce86b9195c05fbce2ea88c45a	budget-termination.properties	208
f74398c0f008c41e06d5c0deffb02c059a5649c3363744bfd0a8106b4fca1844	configuration.txt	1157
3df6c8ef7fd0011d5b9e5ace7b363fbda12d221518eac70200efa526a741f8b5	event-summary.properties	278
c5d22a76d9f20f7fcb4d915dad25944c7b74433fb092d836087a619046ef262b	front.csv	5713
1682bdb2aec8d658cc13c2991d112091afb18fb2e11f31a6ca55636b0e22f4ea	initial-population.sha256	235
3529bdb28ac58604edf0167965c9783c9440f9125330f7ca803cbbf1c81ef3d0	source-provenance.properties	558
7b239d0bcb5b73626fe2d11d116581617de4118a93aaa799e90ad3e1f352691a	status.properties	746
e3b0c44298fc1c149afbf4c8996fb92427ae41e4649b934ca495991b7852b855	stderr.log	0
7526ca4d6e6f1b74b58c0df3dbcb6622636c7ae9f9fb4a6bcda182af964dc032	stdout.log	194
