ddf97fc00c13c50527e20c0ad88cfdfbfd7f858e102a267048690fb4797c68e4	bindings/100_5_3_1.binding.properties	853
2e88fa97a6f84af347a4603f04c387a65c8f9891bcab8ac6b70fdec622ea35cf	inputs/java-jmetal58/EADHFSP/100_5_3_1.txt	2572
d08d6abc46788d46bc24c135a8dc810b4675e333e3d61e65c7551835fc93e787	inputs/java-jmetal58/EADHFSP/50_2_3_1.txt	845
cf611bfb3690d50f1b4dc8d6d6631dd9d04546d3ca4c4020cc9017475d4bf457	inputs/java-jmetal58/fatigue-parameters/v1/100_5_3_1.fatigue.txt	28317
46192fe26bfc79201456c98d70d9acc25e40dd84cdd86b050af1718e3715b4da	inputs/java-jmetal58/fatigue-parameters/v1/50_2_3_1.fatigue.txt	3636
4b49b780f6ee887099574f9008bebdc106e9cf5808a11b5af97a5ee4512c1d90	inputs/java-jmetal58/instance-extensions/v1/100_5_3_1.setup.txt	5783
f9bde51a5f873896291527676bcbfaf8291c72b91175a6828dd722eaa54df54e	inputs/java-jmetal58/instance-extensions/v1/50_2_3_1.setup.txt	1412
8dad8f40266feeaa4cdb9b47dbe4e342d9064847df32c7f2933149b9b6bad8b9	jars/formal-algorithm-8DAD8F40.jar	48269638
1a73e3cf025f7cfdb47bde38a7b34e8f8b0810958f61323a5d3cbc35272c8c9e	jars/jmetal-algorithm-5.8-V35-SOURCE-ATTRIBUTION-OBSERVER-V5.jar	188854
fa336efba9298293ef502fcf275f97c259242e0a45454abd00098322409e136a	run-20k-gate.sh	966
84d845233e332a6612e5dfe93c97cbbeef40c4ee05766cbfd0e9446bd3043769	snapshots/100_5_3_1-seed-20260901.fourvec	92117
