sha256	relativePath
5f398b3c47a6aaceb3f43e715eeb8170d1c4ce15e70077c3d9b2fa0c3e1b592f	B0-20260808-front-controlled-1.csv
55dae168d53f142cb555bab13f5ea6c5f59fc8f6775f326f8d69c3a2ac29d41c	B0-20260808-front-controlled-2.csv
2550fd0e339759509b53c11f2b6dabe7c16392202c981e0fa2a6f64b42528714	B0-20260808-front-controlled-3.csv
15f4a48be07865679abdf1f16a410aec49f66d1815c6bdf67f321a8dab6e4290	B5-20260808-front-controlled-1.csv
15f4a48be07865679abdf1f16a410aec49f66d1815c6bdf67f321a8dab6e4290	B5-20260808-front-controlled-2.csv
15f4a48be07865679abdf1f16a410aec49f66d1815c6bdf67f321a8dab6e4290	B5-20260808-front-controlled-3.csv
4d04a1bb7cf9f8cfd29a506d8ac99ed6dae2ff8927e8831252592f04a1abffa4	B5-20260808-front-repeat-1.csv
a8acd92ef9e6827ac84479b5c1fb21dcaa9925dea5031f1f57e86adc6e96f5b4	B5-20260808-front-repeat-2.csv
0619a7896574eb856809fe16643b8e0c7abe59c1f4213a9599b2dff4010b2bcd	B5-20260808-front-repeat-3.csv
9223d4ca679499348ff44a1034186e5e764391aeecccb3cf441b7ebe4822e9dc	input-source-manifest.tsv
11e2ddf87af400a7fe616f684ad299cc71d73df7d27e09b4ef8e735672d5a916	matrix-registry.csv
5daddbf86781314b6755ac3add9fbd79c9635dc05d8c4855925591ec46fffe0b	metrics.csv
cf43bb6610d08ba4c6b9666262df7409b1c3477ab8978b6062bec8e1584ae820	P8_REPORT.md
9b9f532fce75c2325b81d4ca6d9818a53d0589e21173e7103dcff52bc0d9d6a7	p8-algorithm-tests.log
13fb3d6397d17503c1e556acbdaa23c1bf88551b09c1a3903676108d9bcb9502	p8-all-registry-run.log
1d65db0699f67a95f97ebe1227d47aa8f090fa955dd59ab09d01114b632ba28e	p8-all-registry-run-final.log
c8d6965ed8a860d1ff4c2443d4c8f545696e40cc429424fc5c08728d34151730	p8-directed-regression.log
bba859f6a91495ef692e46a79c90df44dce070c98af9fbd6eb42ba7820d9c792	p8-evidence-manifest-build.log
3939f3f2a3adc8fa78afe22b43d87fcc4034457c4a9cd63eee9549ff1786eeec	p8-exposed-matrix-run.log
129fc8fbaf10d5fbc6c15dd679f811394587dbe7a961a999a2f9ddb9110e4f1c	p8-full-regression.log
2d480923e9f5cf3b86aa68ac78a0994e8e274a9d990fbc193c3a32aba85a54d3	p8-full-regression-add-opens.log
9db125246b54523e61be5cf2caecdecfaf58d25ce21e7e9bc37548254e0df2a6	p8-full-regression-final.log
1a8246816fcbbedf99cf66692bb2633a4c3babd32a814be8a1525bf294af56f4	p8-initial-population-test.log
25394ca835e6bdc520cf8eef4872a65509b477735acd762caeb7f75f57fe5a1b	p8-module-open-probe.log
373a2f5e6e97826b243901f24f1010f2feef780b5c1d637717a729b7f5d49243	p8-rebuild.log
6ca09cc22c219f02b81041294ff060892abcd49f8848bfe4c08a8607422b9544	p8-rebuild-after-deterministic-initial.log
b776f75065624d5a348a51b51a959ac11220a35573e49f3fbcb32b31c3b4e5af	p8-repeat-B5-1.log
89e41b17e66183e3fecd5444d066529077f37bb48e64e179f2887368f4099511	p8-repeat-B5-2.log
de4e52428a6151f8d5dd2b7eeec48e1f752d50d2cef76359a7e3e73e97b1667f	p8-repeat-B5-3.log
2cfacf4c9deee4028cd603c70ae97c549bc07e7ad0caaf344ef22555ea89bf90	p8-repeat-controlled-B0-1.log
64d75378ff60265fb478de75e7047836a7753824b52f12b3e21e62b891e559e6	p8-repeat-controlled-B0-2.log
ff2209ee24c09d8577c67886f652af7287d4b93e60a62db50268076f73ea698d	p8-repeat-controlled-B0-3.log
73f5ce5ceef51a4c48b37f827a057a6d2b53f2ae92e2c14443a74d12aeda8859	p8-repeat-controlled-B5-1.log
f8c707717d57d53e4da500a91a2ca9557f0483fe5baedd56162e5700bb78e8f8	p8-repeat-controlled-B5-2.log
98601185ec7c7f84d9afba02b448583d7e216111496cb5d52ba76ef053910cc3	p8-repeat-controlled-B5-3.log
a7d2de0143ace0c951647247354f8d45545eaa8447ed8e193fba3e53b80cee56	p8-representative-run.log
eca3f52707bd0d0abdc71bf4c877b403974f6e807aba401c51bcbdac863c312b	reference-fronts/20_2_3_1.csv
f1f7889ba255973f35e5ccbe464721f86d82c2959673d14bb7cd71a93177379b	run-records.csv
13ab706a38ad3d2cd1b0accff8eeb4f18c93f3af1948f016b7d7ae0359671c9e	run-records-repeat-B5-1.csv
91df726e1fb7e6c3afa4551019aaa467b0d5c584b66d191ec9736590d84bed6e	run-records-repeat-B5-2.csv
192d722de1d04f7ebafc9f88e4e04490bfe9c86d458c1dbbdd9fccec110fd54a	run-records-repeat-B5-3.csv
e5b0ca591c3251aadd88c79edc1318a71f96ce84d63068f60520f65a03e727f9	runs/20_2_3_1/FM-FM0-20260808-configuration.txt
b1104ba5853372507df447d451cc7b02c3cae035d395a00df70f70b1b9dd5c93	runs/20_2_3_1/FM-FM0-20260808-front.csv
e5b0ca591c3251aadd88c79edc1318a71f96ce84d63068f60520f65a03e727f9	runs/20_2_3_1/FM-FM0-20260809-configuration.txt
07335ffa11e90e0639563599a59762774cb768b22ae6124d11e85972f68a0ff0	runs/20_2_3_1/FM-FM0-20260809-front.csv
e5b0ca591c3251aadd88c79edc1318a71f96ce84d63068f60520f65a03e727f9	runs/20_2_3_1/FM-FM0-20260810-configuration.txt
1526db5ed9469b7aadd9274375e03ca1baa3c595736db540453fda4e4b368e13	runs/20_2_3_1/FM-FM0-20260810-front.csv
1a95bf099ee1ac31fca276ad7ff7dd28a0b9e0cef80358a73bd8010ff9cd90d0	runs/20_2_3_1/FM-FM1-20260808-configuration.txt
8975e9334c9d9f5182e507b774697fa3972482cea844dfaeb03d9bd37b81f40b	runs/20_2_3_1/FM-FM1-20260808-front.csv
1a95bf099ee1ac31fca276ad7ff7dd28a0b9e0cef80358a73bd8010ff9cd90d0	runs/20_2_3_1/FM-FM1-20260809-configuration.txt
8975e9334c9d9f5182e507b774697fa3972482cea844dfaeb03d9bd37b81f40b	runs/20_2_3_1/FM-FM1-20260809-front.csv
1a95bf099ee1ac31fca276ad7ff7dd28a0b9e0cef80358a73bd8010ff9cd90d0	runs/20_2_3_1/FM-FM1-20260810-configuration.txt
8975e9334c9d9f5182e507b774697fa3972482cea844dfaeb03d9bd37b81f40b	runs/20_2_3_1/FM-FM1-20260810-front.csv
4d415001a0c4c10ad239160aad6019d03f81cc45de92ff2017490e262a02e588	runs/20_2_3_1/FM-FM2-20260808-configuration.txt
8975e9334c9d9f5182e507b774697fa3972482cea844dfaeb03d9bd37b81f40b	runs/20_2_3_1/FM-FM2-20260808-front.csv
4d415001a0c4c10ad239160aad6019d03f81cc45de92ff2017490e262a02e588	runs/20_2_3_1/FM-FM2-20260809-configuration.txt
8975e9334c9d9f5182e507b774697fa3972482cea844dfaeb03d9bd37b81f40b	runs/20_2_3_1/FM-FM2-20260809-front.csv
4d415001a0c4c10ad239160aad6019d03f81cc45de92ff2017490e262a02e588	runs/20_2_3_1/FM-FM2-20260810-configuration.txt
8975e9334c9d9f5182e507b774697fa3972482cea844dfaeb03d9bd37b81f40b	runs/20_2_3_1/FM-FM2-20260810-front.csv
feba247e718a8ab2874c42b9ad6cc4afc679d03ab7327a41050b08d1de109e2b	runs/20_2_3_1/FM-FM3-20260808-configuration.txt
b13c506de78dd2f50ed893dfe1f179d5ae99fb0447fe43e099dce3bbe56f8a26	runs/20_2_3_1/FM-FM3-20260808-front.csv
feba247e718a8ab2874c42b9ad6cc4afc679d03ab7327a41050b08d1de109e2b	runs/20_2_3_1/FM-FM3-20260809-configuration.txt
3755053459f3a96723b53aebdb69544e3a25ad9f50d3f4e0af8a5b46b019614f	runs/20_2_3_1/FM-FM3-20260809-front.csv
feba247e718a8ab2874c42b9ad6cc4afc679d03ab7327a41050b08d1de109e2b	runs/20_2_3_1/FM-FM3-20260810-configuration.txt
ae141385b8fb10c20bade97ab0a19cb4667974c23fcd729e0ac39d5911621e87	runs/20_2_3_1/FM-FM3-20260810-front.csv
7d984a45010462ffc74a4be1a2d11576550280f38e43f14e2c8dee107963df4d	runs/20_2_3_1/FULL-B0-20260808-configuration.txt
51fa3e5e3c1257a198bc10019f59669e96afb980d8e2e3ccf9497bd1fc2c87da	runs/20_2_3_1/FULL-B0-20260808-front.csv
7d984a45010462ffc74a4be1a2d11576550280f38e43f14e2c8dee107963df4d	runs/20_2_3_1/FULL-B0-20260809-configuration.txt
874e34ffa8c73ee8aa44251fcc9230deceb31ca4f33faa8ad69dda84547d0057	runs/20_2_3_1/FULL-B0-20260809-front.csv
7d984a45010462ffc74a4be1a2d11576550280f38e43f14e2c8dee107963df4d	runs/20_2_3_1/FULL-B0-20260810-configuration.txt
1e0cf92105f542feddcdf2a18c59d2f5ce044d0a81ea8ecb3a7e81f98c035832	runs/20_2_3_1/FULL-B0-20260810-front.csv
693ec0fb9073e03afd5fcba2c0dae0ae1b1c3cbd0ef8595e4e1c4867d53fa9ef	runs/20_2_3_1/FULL-B1-20260808-configuration.txt
19a2c957377cb114f4783868f53c09af6e3a53e3ef2c308caf36951990b2b8a3	runs/20_2_3_1/FULL-B1-20260808-front.csv
693ec0fb9073e03afd5fcba2c0dae0ae1b1c3cbd0ef8595e4e1c4867d53fa9ef	runs/20_2_3_1/FULL-B1-20260809-configuration.txt
7d64495757f061275707b761319d778e8e9ad0066a611a87cf1eda465bd1a195	runs/20_2_3_1/FULL-B1-20260809-front.csv
693ec0fb9073e03afd5fcba2c0dae0ae1b1c3cbd0ef8595e4e1c4867d53fa9ef	runs/20_2_3_1/FULL-B1-20260810-configuration.txt
e20b677bcc37bcd367b9bc428aa461a13a2a24fbd81e5f7f5e3f9e879707eb86	runs/20_2_3_1/FULL-B1-20260810-front.csv
c6ca0246630bf6e282b3370a201f639d6ae8a6911cfe0a417ae8ba1afb3ee1fd	runs/20_2_3_1/FULL-B2-20260808-configuration.txt
5be6e17ebee72da8bae8ccd757040ca93e7504de48340d3b8ee9c6bb3eef390b	runs/20_2_3_1/FULL-B2-20260808-front.csv
a68c66a0780813536f6911c3906ef8b336383a425d6ed3fe195a30aed8e2ab7e	runs/20_2_3_1/FULL-B2-20260809-configuration.txt
351192eb8c7a4c29dc77dbc4503439ee96360ca124eb6f22967068244b3bc679	runs/20_2_3_1/FULL-B2-20260809-front.csv
138813ba8b27f6185e71b34e1a6cb27d51e7673e6891546de5b6b052ef1aabf8	runs/20_2_3_1/FULL-B2-20260810-configuration.txt
18b56abaef5196a74bc8f437503237b46d571542c48ced59bbeaf613044985dc	runs/20_2_3_1/FULL-B2-20260810-front.csv
ddbfb80380fa4c3381af37e2f923a1bea2be729c916591377f37b7271173af7d	runs/20_2_3_1/FULL-B3-20260808-configuration.txt
3e939990546eddb05e5ea40062c777ed6418fdd1421b28016210406cc27e85b0	runs/20_2_3_1/FULL-B3-20260808-front.csv
25317001abee4eeeea80b29aabe07b2eeffbe2acfc387b7683318b09d24ff127	runs/20_2_3_1/FULL-B3-20260809-configuration.txt
c4a844ec3e8269a5ced6a6d180dfd0f02e683168a1f03e5563469e3fca8ad60c	runs/20_2_3_1/FULL-B3-20260809-front.csv
bbed08eafdcbe57024f1c3d1d29e6829c45699f89351ff19fba8a9af27607a02	runs/20_2_3_1/FULL-B3-20260810-configuration.txt
9db6c9ff19a446ec350df913dc782dd91735fe139fcae976f5bce14f24d2af13	runs/20_2_3_1/FULL-B3-20260810-front.csv
f6656dfbf9ffd04795b305cf13e6a61f9401fc705bec03d87766f9cd9ab3eecc	runs/20_2_3_1/FULL-B4-20260808-configuration.txt
28fa37b3b0a159fd7a84cbbf5d6e4dcb336dee0e482f585ba636937f469c321e	runs/20_2_3_1/FULL-B4-20260808-front.csv
955c7edf39cfdac1071131ee6e3be4294cc309b1977c0ead6f2e8d33845b8f73	runs/20_2_3_1/FULL-B4-20260809-configuration.txt
2ce9fb4e81bdfe9a53a8dfbdb721338874f9416e8b3a7292be539dcddb1c9835	runs/20_2_3_1/FULL-B4-20260809-front.csv
641d543f37db081056f6a507d0d8198df7280bfe3082ce877d43efe7259e67ce	runs/20_2_3_1/FULL-B4-20260810-configuration.txt
5d79b13ff99c0127790dbc501239ad0318b9dd6c280b25e859bab13a5c070a6a	runs/20_2_3_1/FULL-B4-20260810-front.csv
235fecbd6bda6ef2b15f29c2fd2c8d03cb21df8ff5d9c0ee303a814a24ed5bb9	runs/20_2_3_1/FULL-B5-20260808-configuration.txt
15f4a48be07865679abdf1f16a410aec49f66d1815c6bdf67f321a8dab6e4290	runs/20_2_3_1/FULL-B5-20260808-front.csv
8bceb5abfaf271e7afcbf2184cf229c31363a36ad5e730bab1fa494e0fb8eefd	runs/20_2_3_1/FULL-B5-20260809-configuration.txt
338c5f9a584244be74157908caee7158a4777535291165601abc018fc5708dae	runs/20_2_3_1/FULL-B5-20260809-front.csv
8dd3341b347884b656524a167f18eaf51dfffeb76b2c0f926c29500a17386415	runs/20_2_3_1/FULL-B5-20260810-configuration.txt
133ba5757ff9e1b72b0e35abf22393cf117dee94dd11520d357ae393f48a2873	runs/20_2_3_1/FULL-B5-20260810-front.csv
7261f7262c8095371ba5d8f8b36d9f08ed4935163b617e26831d6ce0c402f5e6	runs/20_2_3_1/FULL-B6-20260808-configuration.txt
8975e9334c9d9f5182e507b774697fa3972482cea844dfaeb03d9bd37b81f40b	runs/20_2_3_1/FULL-B6-20260808-front.csv
7261f7262c8095371ba5d8f8b36d9f08ed4935163b617e26831d6ce0c402f5e6	runs/20_2_3_1/FULL-B6-20260809-configuration.txt
8975e9334c9d9f5182e507b774697fa3972482cea844dfaeb03d9bd37b81f40b	runs/20_2_3_1/FULL-B6-20260809-front.csv
7261f7262c8095371ba5d8f8b36d9f08ed4935163b617e26831d6ce0c402f5e6	runs/20_2_3_1/FULL-B6-20260810-configuration.txt
8975e9334c9d9f5182e507b774697fa3972482cea844dfaeb03d9bd37b81f40b	runs/20_2_3_1/FULL-B6-20260810-front.csv
03225abf5a25316490fbb1229e4791767d5fa6507708b568273b18d0d8d5083e	runs/20_2_3_1/FULL-B7-20260808-configuration.txt
f2a08e2653c7fc237c2b96c15c09fc2be531e8e1e18dc8e5d416723533f28f03	runs/20_2_3_1/FULL-B7-20260808-front.csv
911b2c0bf47da4f7570d21bd27b3fa29a3bedccfaee2f82ae2eb390c473b887f	runs/20_2_3_1/FULL-B7-20260809-configuration.txt
54cb992ab3a1a82c0edfcb8f50392b036657be9b893df026b5d3ebf564cc8269	runs/20_2_3_1/FULL-B7-20260809-front.csv
2dfdcbbc13cb95c2e20ff29d420993188e306a2d9470fc8b3adc61cca1a646b0	runs/20_2_3_1/FULL-B7-20260810-configuration.txt
dee22477b3a61f24e113d7b64b9c8201f5ac99dd988bd62c979f54634d9bef39	runs/20_2_3_1/FULL-B7-20260810-front.csv
f54b38de81471d44c49319804ce239e86110000bff02db96e566621be7f7424f	runs/20_2_3_1/FULL-FULL-20260808-configuration.txt
f2a08e2653c7fc237c2b96c15c09fc2be531e8e1e18dc8e5d416723533f28f03	runs/20_2_3_1/FULL-FULL-20260808-front.csv
763b0c8309c121ea3dd0c07c1a81b3cd75caa83923288857402eec67e58211e1	runs/20_2_3_1/FULL-FULL-20260809-configuration.txt
54cb992ab3a1a82c0edfcb8f50392b036657be9b893df026b5d3ebf564cc8269	runs/20_2_3_1/FULL-FULL-20260809-front.csv
5eefc4494d6e13554b7877a70d14db6070035a5639965ed9233c0cbc286b25ec	runs/20_2_3_1/FULL-FULL-20260810-configuration.txt
dee22477b3a61f24e113d7b64b9c8201f5ac99dd988bd62c979f54634d9bef39	runs/20_2_3_1/FULL-FULL-20260810-front.csv
77a4218a1fc355bf69c6bdca25bf81d0c8d20187894d12104806748b8b6cd58f	runs/20_2_3_1/FV-FV0-20260808-configuration.txt
6ee7be6c040be04f8d17571e7cd54556e9937089cac7ac4ac3e6ffd898512f12	runs/20_2_3_1/FV-FV0-20260808-front.csv
77a4218a1fc355bf69c6bdca25bf81d0c8d20187894d12104806748b8b6cd58f	runs/20_2_3_1/FV-FV0-20260809-configuration.txt
46e07815b6122d309a50437ed55aeee8342744395b551c16ee06e9130274619d	runs/20_2_3_1/FV-FV0-20260809-front.csv
77a4218a1fc355bf69c6bdca25bf81d0c8d20187894d12104806748b8b6cd58f	runs/20_2_3_1/FV-FV0-20260810-configuration.txt
f79e89b49412ae91888144337ea4f4e2b7568642c6eeda4269555da2bdc2dd1f	runs/20_2_3_1/FV-FV0-20260810-front.csv
9fe5346d204fccc46ddf7dbb4749767972b804c7db9eec67589194ca48f50ec6	runs/20_2_3_1/FV-FV1-20260808-configuration.txt
8975e9334c9d9f5182e507b774697fa3972482cea844dfaeb03d9bd37b81f40b	runs/20_2_3_1/FV-FV1-20260808-front.csv
9fe5346d204fccc46ddf7dbb4749767972b804c7db9eec67589194ca48f50ec6	runs/20_2_3_1/FV-FV1-20260809-configuration.txt
8975e9334c9d9f5182e507b774697fa3972482cea844dfaeb03d9bd37b81f40b	runs/20_2_3_1/FV-FV1-20260809-front.csv
9fe5346d204fccc46ddf7dbb4749767972b804c7db9eec67589194ca48f50ec6	runs/20_2_3_1/FV-FV1-20260810-configuration.txt
8975e9334c9d9f5182e507b774697fa3972482cea844dfaeb03d9bd37b81f40b	runs/20_2_3_1/FV-FV1-20260810-front.csv
47cdc82db124416d11f069ffd5fcb95472117d765bd05e92bb0cba01d4ab605f	runs/20_2_3_1/FV-FV2-20260808-configuration.txt
8975e9334c9d9f5182e507b774697fa3972482cea844dfaeb03d9bd37b81f40b	runs/20_2_3_1/FV-FV2-20260808-front.csv
47cdc82db124416d11f069ffd5fcb95472117d765bd05e92bb0cba01d4ab605f	runs/20_2_3_1/FV-FV2-20260809-configuration.txt
8975e9334c9d9f5182e507b774697fa3972482cea844dfaeb03d9bd37b81f40b	runs/20_2_3_1/FV-FV2-20260809-front.csv
47cdc82db124416d11f069ffd5fcb95472117d765bd05e92bb0cba01d4ab605f	runs/20_2_3_1/FV-FV2-20260810-configuration.txt
8975e9334c9d9f5182e507b774697fa3972482cea844dfaeb03d9bd37b81f40b	runs/20_2_3_1/FV-FV2-20260810-front.csv
ea7e37dc5f3a0d89e5ec9bccb42b1c6628bc09e046a8445aa21bcda90f0c54bf	runs/20_2_3_1/FV-FV3-20260808-configuration.txt
8975e9334c9d9f5182e507b774697fa3972482cea844dfaeb03d9bd37b81f40b	runs/20_2_3_1/FV-FV3-20260808-front.csv
ea7e37dc5f3a0d89e5ec9bccb42b1c6628bc09e046a8445aa21bcda90f0c54bf	runs/20_2_3_1/FV-FV3-20260809-configuration.txt
8975e9334c9d9f5182e507b774697fa3972482cea844dfaeb03d9bd37b81f40b	runs/20_2_3_1/FV-FV3-20260809-front.csv
ea7e37dc5f3a0d89e5ec9bccb42b1c6628bc09e046a8445aa21bcda90f0c54bf	runs/20_2_3_1/FV-FV3-20260810-configuration.txt
8975e9334c9d9f5182e507b774697fa3972482cea844dfaeb03d9bd37b81f40b	runs/20_2_3_1/FV-FV3-20260810-front.csv
35d7986f01a2cd8b00779b5dda5a78ec9ec48bebbb5891a00255985bada51fff	runs/20_2_3_1/FV-FV4-20260808-configuration.txt
8975e9334c9d9f5182e507b774697fa3972482cea844dfaeb03d9bd37b81f40b	runs/20_2_3_1/FV-FV4-20260808-front.csv
35d7986f01a2cd8b00779b5dda5a78ec9ec48bebbb5891a00255985bada51fff	runs/20_2_3_1/FV-FV4-20260809-configuration.txt
8975e9334c9d9f5182e507b774697fa3972482cea844dfaeb03d9bd37b81f40b	runs/20_2_3_1/FV-FV4-20260809-front.csv
35d7986f01a2cd8b00779b5dda5a78ec9ec48bebbb5891a00255985bada51fff	runs/20_2_3_1/FV-FV4-20260810-configuration.txt
8975e9334c9d9f5182e507b774697fa3972482cea844dfaeb03d9bd37b81f40b	runs/20_2_3_1/FV-FV4-20260810-front.csv
9440fc19213bd18c6244c572a5b65ba69f1f3d78ef388db45afb3ace23442e4c	runs/20_2_3_1/FV-FV5-20260808-configuration.txt
8975e9334c9d9f5182e507b774697fa3972482cea844dfaeb03d9bd37b81f40b	runs/20_2_3_1/FV-FV5-20260808-front.csv
9440fc19213bd18c6244c572a5b65ba69f1f3d78ef388db45afb3ace23442e4c	runs/20_2_3_1/FV-FV5-20260809-configuration.txt
8975e9334c9d9f5182e507b774697fa3972482cea844dfaeb03d9bd37b81f40b	runs/20_2_3_1/FV-FV5-20260809-front.csv
9440fc19213bd18c6244c572a5b65ba69f1f3d78ef388db45afb3ace23442e4c	runs/20_2_3_1/FV-FV5-20260810-configuration.txt
8975e9334c9d9f5182e507b774697fa3972482cea844dfaeb03d9bd37b81f40b	runs/20_2_3_1/FV-FV5-20260810-front.csv
3eaf4dd20e3e3e25ba332c0f392c89eb0ffbc661d6d2732c2adb62f42e74c6db	runs/20_2_3_1/FV-FV-Full-20260808-configuration.txt
15f4a48be07865679abdf1f16a410aec49f66d1815c6bdf67f321a8dab6e4290	runs/20_2_3_1/FV-FV-Full-20260808-front.csv
601c5933067437272b0be025106cf75a6eb44c0c3e03d35934b39ebc542bd237	runs/20_2_3_1/FV-FV-Full-20260809-configuration.txt
338c5f9a584244be74157908caee7158a4777535291165601abc018fc5708dae	runs/20_2_3_1/FV-FV-Full-20260809-front.csv
daeae8634d6df17afc8e984798a155c018a8a265894cff05961ed5f86c0a5046	runs/20_2_3_1/FV-FV-Full-20260810-configuration.txt
133ba5757ff9e1b72b0e35abf22393cf117dee94dd11520d357ae393f48a2873	runs/20_2_3_1/FV-FV-Full-20260810-front.csv
59e8d55b13099a306da27957d66da2cf3e5abf9e9051f8db524232a22b5f3c01	runs/20_2_3_1/QP-QP0-20260808-configuration.txt
6ee8670d3ad0193961f8a4ec0e9587225e7296c057ce9daf09f51c1ce97fd32e	runs/20_2_3_1/QP-QP0-20260808-front.csv
59e8d55b13099a306da27957d66da2cf3e5abf9e9051f8db524232a22b5f3c01	runs/20_2_3_1/QP-QP0-20260809-configuration.txt
5c04a1ed5d05d2b200193557c70799eba03e43e532230e6b7b84c5ba894fd57f	runs/20_2_3_1/QP-QP0-20260809-front.csv
59e8d55b13099a306da27957d66da2cf3e5abf9e9051f8db524232a22b5f3c01	runs/20_2_3_1/QP-QP0-20260810-configuration.txt
24f77b7e5551613e6f78bcc0c99dc12f8b01de1f3b302b66cb47d414923b119f	runs/20_2_3_1/QP-QP0-20260810-front.csv
d7e8843f465e6bbbf4765d0746fd04259eb990e74112d33a8fd6c5cafc03afc4	runs/20_2_3_1/QP-QP1-20260808-configuration.txt
8975e9334c9d9f5182e507b774697fa3972482cea844dfaeb03d9bd37b81f40b	runs/20_2_3_1/QP-QP1-20260808-front.csv
d7e8843f465e6bbbf4765d0746fd04259eb990e74112d33a8fd6c5cafc03afc4	runs/20_2_3_1/QP-QP1-20260809-configuration.txt
8975e9334c9d9f5182e507b774697fa3972482cea844dfaeb03d9bd37b81f40b	runs/20_2_3_1/QP-QP1-20260809-front.csv
d7e8843f465e6bbbf4765d0746fd04259eb990e74112d33a8fd6c5cafc03afc4	runs/20_2_3_1/QP-QP1-20260810-configuration.txt
8975e9334c9d9f5182e507b774697fa3972482cea844dfaeb03d9bd37b81f40b	runs/20_2_3_1/QP-QP1-20260810-front.csv
d304cb9c64f753925ad7bfa29c197ad71bf03b5d1f28e5d5114c11a4e5f8de3a	runs/20_2_3_1/QP-QP2-20260808-configuration.txt
8975e9334c9d9f5182e507b774697fa3972482cea844dfaeb03d9bd37b81f40b	runs/20_2_3_1/QP-QP2-20260808-front.csv
d304cb9c64f753925ad7bfa29c197ad71bf03b5d1f28e5d5114c11a4e5f8de3a	runs/20_2_3_1/QP-QP2-20260809-configuration.txt
8975e9334c9d9f5182e507b774697fa3972482cea844dfaeb03d9bd37b81f40b	runs/20_2_3_1/QP-QP2-20260809-front.csv
d304cb9c64f753925ad7bfa29c197ad71bf03b5d1f28e5d5114c11a4e5f8de3a	runs/20_2_3_1/QP-QP2-20260810-configuration.txt
8975e9334c9d9f5182e507b774697fa3972482cea844dfaeb03d9bd37b81f40b	runs/20_2_3_1/QP-QP2-20260810-front.csv
f60821a578de61ecc44842c2b0acb6dfd7f3a1c023c91e1bc06ca186fa3655c5	runs/20_2_3_1/QP-QP3-20260808-configuration.txt
8975e9334c9d9f5182e507b774697fa3972482cea844dfaeb03d9bd37b81f40b	runs/20_2_3_1/QP-QP3-20260808-front.csv
f60821a578de61ecc44842c2b0acb6dfd7f3a1c023c91e1bc06ca186fa3655c5	runs/20_2_3_1/QP-QP3-20260809-configuration.txt
8975e9334c9d9f5182e507b774697fa3972482cea844dfaeb03d9bd37b81f40b	runs/20_2_3_1/QP-QP3-20260809-front.csv
f60821a578de61ecc44842c2b0acb6dfd7f3a1c023c91e1bc06ca186fa3655c5	runs/20_2_3_1/QP-QP3-20260810-configuration.txt
8975e9334c9d9f5182e507b774697fa3972482cea844dfaeb03d9bd37b81f40b	runs/20_2_3_1/QP-QP3-20260810-front.csv
2f55f1ca450c6419b1a38cbd1ade880657af4e331b9adc48f5cb786e93831670	runs/20_2_3_1/QP-QP4-20260808-configuration.txt
8975e9334c9d9f5182e507b774697fa3972482cea844dfaeb03d9bd37b81f40b	runs/20_2_3_1/QP-QP4-20260808-front.csv
2f55f1ca450c6419b1a38cbd1ade880657af4e331b9adc48f5cb786e93831670	runs/20_2_3_1/QP-QP4-20260809-configuration.txt
8975e9334c9d9f5182e507b774697fa3972482cea844dfaeb03d9bd37b81f40b	runs/20_2_3_1/QP-QP4-20260809-front.csv
2f55f1ca450c6419b1a38cbd1ade880657af4e331b9adc48f5cb786e93831670	runs/20_2_3_1/QP-QP4-20260810-configuration.txt
8975e9334c9d9f5182e507b774697fa3972482cea844dfaeb03d9bd37b81f40b	runs/20_2_3_1/QP-QP4-20260810-front.csv
cbf930f667a6e55d08c79d8e4af9849771ef94d618313e572c981a8faad31aee	runs/20_2_3_1/QP-QP5-20260808-configuration.txt
8975e9334c9d9f5182e507b774697fa3972482cea844dfaeb03d9bd37b81f40b	runs/20_2_3_1/QP-QP5-20260808-front.csv
cbf930f667a6e55d08c79d8e4af9849771ef94d618313e572c981a8faad31aee	runs/20_2_3_1/QP-QP5-20260809-configuration.txt
8975e9334c9d9f5182e507b774697fa3972482cea844dfaeb03d9bd37b81f40b	runs/20_2_3_1/QP-QP5-20260809-front.csv
cbf930f667a6e55d08c79d8e4af9849771ef94d618313e572c981a8faad31aee	runs/20_2_3_1/QP-QP5-20260810-configuration.txt
8975e9334c9d9f5182e507b774697fa3972482cea844dfaeb03d9bd37b81f40b	runs/20_2_3_1/QP-QP5-20260810-front.csv
cb90054f5c6c6c6e2668d4468ca01fa3001ce91c03bab444ec8a9c22e952fda9	runs/20_2_3_1/QP-QP6-20260808-configuration.txt
15f4a48be07865679abdf1f16a410aec49f66d1815c6bdf67f321a8dab6e4290	runs/20_2_3_1/QP-QP6-20260808-front.csv
5c0430e60cc2915176f3512eff8e7d18b040075b2540007a483ca2a8bcbaddfe	runs/20_2_3_1/QP-QP6-20260809-configuration.txt
338c5f9a584244be74157908caee7158a4777535291165601abc018fc5708dae	runs/20_2_3_1/QP-QP6-20260809-front.csv
f1ef9755604c3ecc276eb76b30cc87d957ca094430cb2e05ebf51fa75293d011	runs/20_2_3_1/QP-QP6-20260810-configuration.txt
133ba5757ff9e1b72b0e35abf22393cf117dee94dd11520d357ae393f48a2873	runs/20_2_3_1/QP-QP6-20260810-front.csv
5833b43a59afb2ad02185872122db18797df656a7a40e254505200c081b6c44d	runs/20_2_3_1/VNS-V0-20260808-configuration.txt
c37846fdf5858ee1ed36864966426cd5f4976c579e0ad288553a58fbdfa9beac	runs/20_2_3_1/VNS-V0-20260808-front.csv
5833b43a59afb2ad02185872122db18797df656a7a40e254505200c081b6c44d	runs/20_2_3_1/VNS-V0-20260809-configuration.txt
7ba8a57c8275993e9c614e415f3c92324c48b4ba957238409fda569667f9227d	runs/20_2_3_1/VNS-V0-20260809-front.csv
5833b43a59afb2ad02185872122db18797df656a7a40e254505200c081b6c44d	runs/20_2_3_1/VNS-V0-20260810-configuration.txt
bb5964dafe52844843e003cf0306deec911ed830095f917c62994060084b2583	runs/20_2_3_1/VNS-V0-20260810-front.csv
0e7d75a0aa6c25b80b290f9478def960f75e49cbeff63d5603e9e97cd703d489	runs/20_2_3_1/VNS-V1-20260808-configuration.txt
8975e9334c9d9f5182e507b774697fa3972482cea844dfaeb03d9bd37b81f40b	runs/20_2_3_1/VNS-V1-20260808-front.csv
0e7d75a0aa6c25b80b290f9478def960f75e49cbeff63d5603e9e97cd703d489	runs/20_2_3_1/VNS-V1-20260809-configuration.txt
8975e9334c9d9f5182e507b774697fa3972482cea844dfaeb03d9bd37b81f40b	runs/20_2_3_1/VNS-V1-20260809-front.csv
0e7d75a0aa6c25b80b290f9478def960f75e49cbeff63d5603e9e97cd703d489	runs/20_2_3_1/VNS-V1-20260810-configuration.txt
8975e9334c9d9f5182e507b774697fa3972482cea844dfaeb03d9bd37b81f40b	runs/20_2_3_1/VNS-V1-20260810-front.csv
381b5059ac0d1bd1d06840f42db403dd94dbc0aacf536fb88b7dc3a5d661e93f	runs/20_2_3_1/VNS-V2-20260808-configuration.txt
8975e9334c9d9f5182e507b774697fa3972482cea844dfaeb03d9bd37b81f40b	runs/20_2_3_1/VNS-V2-20260808-front.csv
381b5059ac0d1bd1d06840f42db403dd94dbc0aacf536fb88b7dc3a5d661e93f	runs/20_2_3_1/VNS-V2-20260809-configuration.txt
8975e9334c9d9f5182e507b774697fa3972482cea844dfaeb03d9bd37b81f40b	runs/20_2_3_1/VNS-V2-20260809-front.csv
381b5059ac0d1bd1d06840f42db403dd94dbc0aacf536fb88b7dc3a5d661e93f	runs/20_2_3_1/VNS-V2-20260810-configuration.txt
8975e9334c9d9f5182e507b774697fa3972482cea844dfaeb03d9bd37b81f40b	runs/20_2_3_1/VNS-V2-20260810-front.csv
f559b0f7f4f386b2c161f881c5438d1ef7eeb5bbc0ffe2b613d517129a9edc3e	runs/20_2_3_1/VNS-V3-20260808-configuration.txt
8975e9334c9d9f5182e507b774697fa3972482cea844dfaeb03d9bd37b81f40b	runs/20_2_3_1/VNS-V3-20260808-front.csv
f559b0f7f4f386b2c161f881c5438d1ef7eeb5bbc0ffe2b613d517129a9edc3e	runs/20_2_3_1/VNS-V3-20260809-configuration.txt
8975e9334c9d9f5182e507b774697fa3972482cea844dfaeb03d9bd37b81f40b	runs/20_2_3_1/VNS-V3-20260809-front.csv
f559b0f7f4f386b2c161f881c5438d1ef7eeb5bbc0ffe2b613d517129a9edc3e	runs/20_2_3_1/VNS-V3-20260810-configuration.txt
8975e9334c9d9f5182e507b774697fa3972482cea844dfaeb03d9bd37b81f40b	runs/20_2_3_1/VNS-V3-20260810-front.csv
77ebe20b84b00bef09329123fbe67492554e0ed64ffafaff3f1e2173ea4f4723	runs/20_2_3_1/VNS-V4-20260808-configuration.txt
8975e9334c9d9f5182e507b774697fa3972482cea844dfaeb03d9bd37b81f40b	runs/20_2_3_1/VNS-V4-20260808-front.csv
77ebe20b84b00bef09329123fbe67492554e0ed64ffafaff3f1e2173ea4f4723	runs/20_2_3_1/VNS-V4-20260809-configuration.txt
8975e9334c9d9f5182e507b774697fa3972482cea844dfaeb03d9bd37b81f40b	runs/20_2_3_1/VNS-V4-20260809-front.csv
77ebe20b84b00bef09329123fbe67492554e0ed64ffafaff3f1e2173ea4f4723	runs/20_2_3_1/VNS-V4-20260810-configuration.txt
8975e9334c9d9f5182e507b774697fa3972482cea844dfaeb03d9bd37b81f40b	runs/20_2_3_1/VNS-V4-20260810-front.csv
e2dfb8a8d903827a886999e38664fc94455e5962e0c7ecc2644ea72e5a04ac9e	runs/20_2_3_1/VNS-V5-20260808-configuration.txt
8975e9334c9d9f5182e507b774697fa3972482cea844dfaeb03d9bd37b81f40b	runs/20_2_3_1/VNS-V5-20260808-front.csv
e2dfb8a8d903827a886999e38664fc94455e5962e0c7ecc2644ea72e5a04ac9e	runs/20_2_3_1/VNS-V5-20260809-configuration.txt
8975e9334c9d9f5182e507b774697fa3972482cea844dfaeb03d9bd37b81f40b	runs/20_2_3_1/VNS-V5-20260809-front.csv
e2dfb8a8d903827a886999e38664fc94455e5962e0c7ecc2644ea72e5a04ac9e	runs/20_2_3_1/VNS-V5-20260810-configuration.txt
8975e9334c9d9f5182e507b774697fa3972482cea844dfaeb03d9bd37b81f40b	runs/20_2_3_1/VNS-V5-20260810-front.csv
e8c686179d78d53e29a8683af26d18b85dc36408351c020182d889f5d18fabcc	runs/20_2_3_1/VNS-V-Full-20260808-configuration.txt
f2a08e2653c7fc237c2b96c15c09fc2be531e8e1e18dc8e5d416723533f28f03	runs/20_2_3_1/VNS-V-Full-20260808-front.csv
665491bedb0f14392d4e3d527a8bf8c88e51c2aead9d9ac294ae7121a984b44a	runs/20_2_3_1/VNS-V-Full-20260809-configuration.txt
54cb992ab3a1a82c0edfcb8f50392b036657be9b893df026b5d3ebf564cc8269	runs/20_2_3_1/VNS-V-Full-20260809-front.csv
323e9ed3af5578527914388d5f1929021d1054a0177d305011cb2691ed73ca52	runs/20_2_3_1/VNS-V-Full-20260810-configuration.txt
dee22477b3a61f24e113d7b64b9c8201f5ac99dd988bd62c979f54634d9bef39	runs/20_2_3_1/VNS-V-Full-20260810-front.csv
4a0d61af43544d5283eedbea7249f60612d19d9fca64ba227c0e05ff95799a86	runs/chapter4-golden-10x2x2/FM-FM0-20260808-configuration.txt
8975e9334c9d9f5182e507b774697fa3972482cea844dfaeb03d9bd37b81f40b	runs/chapter4-golden-10x2x2/FM-FM0-20260808-front.csv
4a0d61af43544d5283eedbea7249f60612d19d9fca64ba227c0e05ff95799a86	runs/chapter4-golden-10x2x2/FM-FM0-20260809-configuration.txt
8975e9334c9d9f5182e507b774697fa3972482cea844dfaeb03d9bd37b81f40b	runs/chapter4-golden-10x2x2/FM-FM0-20260809-front.csv
4a0d61af43544d5283eedbea7249f60612d19d9fca64ba227c0e05ff95799a86	runs/chapter4-golden-10x2x2/FM-FM0-20260810-configuration.txt
8975e9334c9d9f5182e507b774697fa3972482cea844dfaeb03d9bd37b81f40b	runs/chapter4-golden-10x2x2/FM-FM0-20260810-front.csv
1a95bf099ee1ac31fca276ad7ff7dd28a0b9e0cef80358a73bd8010ff9cd90d0	runs/chapter4-golden-10x2x2/FM-FM1-20260808-configuration.txt
8975e9334c9d9f5182e507b774697fa3972482cea844dfaeb03d9bd37b81f40b	runs/chapter4-golden-10x2x2/FM-FM1-20260808-front.csv
1a95bf099ee1ac31fca276ad7ff7dd28a0b9e0cef80358a73bd8010ff9cd90d0	runs/chapter4-golden-10x2x2/FM-FM1-20260809-configuration.txt
8975e9334c9d9f5182e507b774697fa3972482cea844dfaeb03d9bd37b81f40b	runs/chapter4-golden-10x2x2/FM-FM1-20260809-front.csv
1a95bf099ee1ac31fca276ad7ff7dd28a0b9e0cef80358a73bd8010ff9cd90d0	runs/chapter4-golden-10x2x2/FM-FM1-20260810-configuration.txt
8975e9334c9d9f5182e507b774697fa3972482cea844dfaeb03d9bd37b81f40b	runs/chapter4-golden-10x2x2/FM-FM1-20260810-front.csv
4d415001a0c4c10ad239160aad6019d03f81cc45de92ff2017490e262a02e588	runs/chapter4-golden-10x2x2/FM-FM2-20260808-configuration.txt
8975e9334c9d9f5182e507b774697fa3972482cea844dfaeb03d9bd37b81f40b	runs/chapter4-golden-10x2x2/FM-FM2-20260808-front.csv
4d415001a0c4c10ad239160aad6019d03f81cc45de92ff2017490e262a02e588	runs/chapter4-golden-10x2x2/FM-FM2-20260809-configuration.txt
8975e9334c9d9f5182e507b774697fa3972482cea844dfaeb03d9bd37b81f40b	runs/chapter4-golden-10x2x2/FM-FM2-20260809-front.csv
4d415001a0c4c10ad239160aad6019d03f81cc45de92ff2017490e262a02e588	runs/chapter4-golden-10x2x2/FM-FM2-20260810-configuration.txt
8975e9334c9d9f5182e507b774697fa3972482cea844dfaeb03d9bd37b81f40b	runs/chapter4-golden-10x2x2/FM-FM2-20260810-front.csv
bacf76dc2f2deba0ad35065d079bd29cbcea93fabad4c56196254ed52bdc3071	runs/chapter4-golden-10x2x2/FM-FM3-20260808-configuration.txt
8975e9334c9d9f5182e507b774697fa3972482cea844dfaeb03d9bd37b81f40b	runs/chapter4-golden-10x2x2/FM-FM3-20260808-front.csv
bacf76dc2f2deba0ad35065d079bd29cbcea93fabad4c56196254ed52bdc3071	runs/chapter4-golden-10x2x2/FM-FM3-20260809-configuration.txt
8975e9334c9d9f5182e507b774697fa3972482cea844dfaeb03d9bd37b81f40b	runs/chapter4-golden-10x2x2/FM-FM3-20260809-front.csv
bacf76dc2f2deba0ad35065d079bd29cbcea93fabad4c56196254ed52bdc3071	runs/chapter4-golden-10x2x2/FM-FM3-20260810-configuration.txt
8975e9334c9d9f5182e507b774697fa3972482cea844dfaeb03d9bd37b81f40b	runs/chapter4-golden-10x2x2/FM-FM3-20260810-front.csv
08a176ed93b192099e114bc2878cb47b136f47bb8f512d0bfa61f0cc07506efa	runs/chapter4-golden-10x2x2/FULL-B0-20260808-configuration.txt
8975e9334c9d9f5182e507b774697fa3972482cea844dfaeb03d9bd37b81f40b	runs/chapter4-golden-10x2x2/FULL-B0-20260808-front.csv
08a176ed93b192099e114bc2878cb47b136f47bb8f512d0bfa61f0cc07506efa	runs/chapter4-golden-10x2x2/FULL-B0-20260809-configuration.txt
8975e9334c9d9f5182e507b774697fa3972482cea844dfaeb03d9bd37b81f40b	runs/chapter4-golden-10x2x2/FULL-B0-20260809-front.csv
08a176ed93b192099e114bc2878cb47b136f47bb8f512d0bfa61f0cc07506efa	runs/chapter4-golden-10x2x2/FULL-B0-20260810-configuration.txt
8975e9334c9d9f5182e507b774697fa3972482cea844dfaeb03d9bd37b81f40b	runs/chapter4-golden-10x2x2/FULL-B0-20260810-front.csv
8cff4a513f7d95c895a409978009e55e9e396f4ec6ea668d4d7ee35e8773d056	runs/chapter4-golden-10x2x2/FULL-B1-20260808-configuration.txt
8975e9334c9d9f5182e507b774697fa3972482cea844dfaeb03d9bd37b81f40b	runs/chapter4-golden-10x2x2/FULL-B1-20260808-front.csv
8cff4a513f7d95c895a409978009e55e9e396f4ec6ea668d4d7ee35e8773d056	runs/chapter4-golden-10x2x2/FULL-B1-20260809-configuration.txt
8975e9334c9d9f5182e507b774697fa3972482cea844dfaeb03d9bd37b81f40b	runs/chapter4-golden-10x2x2/FULL-B1-20260809-front.csv
8cff4a513f7d95c895a409978009e55e9e396f4ec6ea668d4d7ee35e8773d056	runs/chapter4-golden-10x2x2/FULL-B1-20260810-configuration.txt
8975e9334c9d9f5182e507b774697fa3972482cea844dfaeb03d9bd37b81f40b	runs/chapter4-golden-10x2x2/FULL-B1-20260810-front.csv
5599e3d9c2bcd2f3de8dae23bb31d5744e90b0854a6a9bbb800910282f65a22b	runs/chapter4-golden-10x2x2/FULL-B2-20260808-configuration.txt
8975e9334c9d9f5182e507b774697fa3972482cea844dfaeb03d9bd37b81f40b	runs/chapter4-golden-10x2x2/FULL-B2-20260808-front.csv
5599e3d9c2bcd2f3de8dae23bb31d5744e90b0854a6a9bbb800910282f65a22b	runs/chapter4-golden-10x2x2/FULL-B2-20260809-configuration.txt
8975e9334c9d9f5182e507b774697fa3972482cea844dfaeb03d9bd37b81f40b	runs/chapter4-golden-10x2x2/FULL-B2-20260809-front.csv
5599e3d9c2bcd2f3de8dae23bb31d5744e90b0854a6a9bbb800910282f65a22b	runs/chapter4-golden-10x2x2/FULL-B2-20260810-configuration.txt
8975e9334c9d9f5182e507b774697fa3972482cea844dfaeb03d9bd37b81f40b	runs/chapter4-golden-10x2x2/FULL-B2-20260810-front.csv
63afbcf861c4fa693bef3282f910aaad038b5b76f808fbb42514d73a116c5576	runs/chapter4-golden-10x2x2/FULL-B3-20260808-configuration.txt
8975e9334c9d9f5182e507b774697fa3972482cea844dfaeb03d9bd37b81f40b	runs/chapter4-golden-10x2x2/FULL-B3-20260808-front.csv
63afbcf861c4fa693bef3282f910aaad038b5b76f808fbb42514d73a116c5576	runs/chapter4-golden-10x2x2/FULL-B3-20260809-configuration.txt
8975e9334c9d9f5182e507b774697fa3972482cea844dfaeb03d9bd37b81f40b	runs/chapter4-golden-10x2x2/FULL-B3-20260809-front.csv
63afbcf861c4fa693bef3282f910aaad038b5b76f808fbb42514d73a116c5576	runs/chapter4-golden-10x2x2/FULL-B3-20260810-configuration.txt
8975e9334c9d9f5182e507b774697fa3972482cea844dfaeb03d9bd37b81f40b	runs/chapter4-golden-10x2x2/FULL-B3-20260810-front.csv
24376a064a5089c63f9eb854b46efef0646eb5b085b88e9177cfabba333924ef	runs/chapter4-golden-10x2x2/FULL-B4-20260808-configuration.txt
8975e9334c9d9f5182e507b774697fa3972482cea844dfaeb03d9bd37b81f40b	runs/chapter4-golden-10x2x2/FULL-B4-20260808-front.csv
24376a064a5089c63f9eb854b46efef0646eb5b085b88e9177cfabba333924ef	runs/chapter4-golden-10x2x2/FULL-B4-20260809-configuration.txt
8975e9334c9d9f5182e507b774697fa3972482cea844dfaeb03d9bd37b81f40b	runs/chapter4-golden-10x2x2/FULL-B4-20260809-front.csv
24376a064a5089c63f9eb854b46efef0646eb5b085b88e9177cfabba333924ef	runs/chapter4-golden-10x2x2/FULL-B4-20260810-configuration.txt
8975e9334c9d9f5182e507b774697fa3972482cea844dfaeb03d9bd37b81f40b	runs/chapter4-golden-10x2x2/FULL-B4-20260810-front.csv
e1e905ddc03f996e45e7df0a7f2f1df80bca0b6d4ce068e705fbcc2771beba20	runs/chapter4-golden-10x2x2/FULL-B5-20260808-configuration.txt
8975e9334c9d9f5182e507b774697fa3972482cea844dfaeb03d9bd37b81f40b	runs/chapter4-golden-10x2x2/FULL-B5-20260808-front.csv
e1e905ddc03f996e45e7df0a7f2f1df80bca0b6d4ce068e705fbcc2771beba20	runs/chapter4-golden-10x2x2/FULL-B5-20260809-configuration.txt
8975e9334c9d9f5182e507b774697fa3972482cea844dfaeb03d9bd37b81f40b	runs/chapter4-golden-10x2x2/FULL-B5-20260809-front.csv
e1e905ddc03f996e45e7df0a7f2f1df80bca0b6d4ce068e705fbcc2771beba20	runs/chapter4-golden-10x2x2/FULL-B5-20260810-configuration.txt
8975e9334c9d9f5182e507b774697fa3972482cea844dfaeb03d9bd37b81f40b	runs/chapter4-golden-10x2x2/FULL-B5-20260810-front.csv
7261f7262c8095371ba5d8f8b36d9f08ed4935163b617e26831d6ce0c402f5e6	runs/chapter4-golden-10x2x2/FULL-B6-20260808-configuration.txt
8975e9334c9d9f5182e507b774697fa3972482cea844dfaeb03d9bd37b81f40b	runs/chapter4-golden-10x2x2/FULL-B6-20260808-front.csv
7261f7262c8095371ba5d8f8b36d9f08ed4935163b617e26831d6ce0c402f5e6	runs/chapter4-golden-10x2x2/FULL-B6-20260809-configuration.txt
8975e9334c9d9f5182e507b774697fa3972482cea844dfaeb03d9bd37b81f40b	runs/chapter4-golden-10x2x2/FULL-B6-20260809-front.csv
7261f7262c8095371ba5d8f8b36d9f08ed4935163b617e26831d6ce0c402f5e6	runs/chapter4-golden-10x2x2/FULL-B6-20260810-configuration.txt
8975e9334c9d9f5182e507b774697fa3972482cea844dfaeb03d9bd37b81f40b	runs/chapter4-golden-10x2x2/FULL-B6-20260810-front.csv
515e7709b75c041ba8ca94cfe9f8c287d39db1875e39d5e500c535955f734206	runs/chapter4-golden-10x2x2/FULL-B7-20260808-configuration.txt
8975e9334c9d9f5182e507b774697fa3972482cea844dfaeb03d9bd37b81f40b	runs/chapter4-golden-10x2x2/FULL-B7-20260808-front.csv
515e7709b75c041ba8ca94cfe9f8c287d39db1875e39d5e500c535955f734206	runs/chapter4-golden-10x2x2/FULL-B7-20260809-configuration.txt
8975e9334c9d9f5182e507b774697fa3972482cea844dfaeb03d9bd37b81f40b	runs/chapter4-golden-10x2x2/FULL-B7-20260809-front.csv
515e7709b75c041ba8ca94cfe9f8c287d39db1875e39d5e500c535955f734206	runs/chapter4-golden-10x2x2/FULL-B7-20260810-configuration.txt
8975e9334c9d9f5182e507b774697fa3972482cea844dfaeb03d9bd37b81f40b	runs/chapter4-golden-10x2x2/FULL-B7-20260810-front.csv
309def8e858a7733aa1f3e63962a783aecf28fcc23250bca843077ff9944fa38	runs/chapter4-golden-10x2x2/FULL-FULL-20260808-configuration.txt
8975e9334c9d9f5182e507b774697fa3972482cea844dfaeb03d9bd37b81f40b	runs/chapter4-golden-10x2x2/FULL-FULL-20260808-front.csv
309def8e858a7733aa1f3e63962a783aecf28fcc23250bca843077ff9944fa38	runs/chapter4-golden-10x2x2/FULL-FULL-20260809-configuration.txt
8975e9334c9d9f5182e507b774697fa3972482cea844dfaeb03d9bd37b81f40b	runs/chapter4-golden-10x2x2/FULL-FULL-20260809-front.csv
309def8e858a7733aa1f3e63962a783aecf28fcc23250bca843077ff9944fa38	runs/chapter4-golden-10x2x2/FULL-FULL-20260810-configuration.txt
8975e9334c9d9f5182e507b774697fa3972482cea844dfaeb03d9bd37b81f40b	runs/chapter4-golden-10x2x2/FULL-FULL-20260810-front.csv
bac69226bdf7f7a9368293828dc0a4e68aff1d74b7523ef11c41821c11c46e6c	runs/chapter4-golden-10x2x2/FV-FV0-20260808-configuration.txt
8975e9334c9d9f5182e507b774697fa3972482cea844dfaeb03d9bd37b81f40b	runs/chapter4-golden-10x2x2/FV-FV0-20260808-front.csv
bac69226bdf7f7a9368293828dc0a4e68aff1d74b7523ef11c41821c11c46e6c	runs/chapter4-golden-10x2x2/FV-FV0-20260809-configuration.txt
8975e9334c9d9f5182e507b774697fa3972482cea844dfaeb03d9bd37b81f40b	runs/chapter4-golden-10x2x2/FV-FV0-20260809-front.csv
bac69226bdf7f7a9368293828dc0a4e68aff1d74b7523ef11c41821c11c46e6c	runs/chapter4-golden-10x2x2/FV-FV0-20260810-configuration.txt
8975e9334c9d9f5182e507b774697fa3972482cea844dfaeb03d9bd37b81f40b	runs/chapter4-golden-10x2x2/FV-FV0-20260810-front.csv
9fe5346d204fccc46ddf7dbb4749767972b804c7db9eec67589194ca48f50ec6	runs/chapter4-golden-10x2x2/FV-FV1-20260808-configuration.txt
8975e9334c9d9f5182e507b774697fa3972482cea844dfaeb03d9bd37b81f40b	runs/chapter4-golden-10x2x2/FV-FV1-20260808-front.csv
9fe5346d204fccc46ddf7dbb4749767972b804c7db9eec67589194ca48f50ec6	runs/chapter4-golden-10x2x2/FV-FV1-20260809-configuration.txt
8975e9334c9d9f5182e507b774697fa3972482cea844dfaeb03d9bd37b81f40b	runs/chapter4-golden-10x2x2/FV-FV1-20260809-front.csv
9fe5346d204fccc46ddf7dbb4749767972b804c7db9eec67589194ca48f50ec6	runs/chapter4-golden-10x2x2/FV-FV1-20260810-configuration.txt
8975e9334c9d9f5182e507b774697fa3972482cea844dfaeb03d9bd37b81f40b	runs/chapter4-golden-10x2x2/FV-FV1-20260810-front.csv
47cdc82db124416d11f069ffd5fcb95472117d765bd05e92bb0cba01d4ab605f	runs/chapter4-golden-10x2x2/FV-FV2-20260808-configuration.txt
8975e9334c9d9f5182e507b774697fa3972482cea844dfaeb03d9bd37b81f40b	runs/chapter4-golden-10x2x2/FV-FV2-20260808-front.csv
47cdc82db124416d11f069ffd5fcb95472117d765bd05e92bb0cba01d4ab605f	runs/chapter4-golden-10x2x2/FV-FV2-20260809-configuration.txt
8975e9334c9d9f5182e507b774697fa3972482cea844dfaeb03d9bd37b81f40b	runs/chapter4-golden-10x2x2/FV-FV2-20260809-front.csv
47cdc82db124416d11f069ffd5fcb95472117d765bd05e92bb0cba01d4ab605f	runs/chapter4-golden-10x2x2/FV-FV2-20260810-configuration.txt
8975e9334c9d9f5182e507b774697fa3972482cea844dfaeb03d9bd37b81f40b	runs/chapter4-golden-10x2x2/FV-FV2-20260810-front.csv
ea7e37dc5f3a0d89e5ec9bccb42b1c6628bc09e046a8445aa21bcda90f0c54bf	runs/chapter4-golden-10x2x2/FV-FV3-20260808-configuration.txt
8975e9334c9d9f5182e507b774697fa3972482cea844dfaeb03d9bd37b81f40b	runs/chapter4-golden-10x2x2/FV-FV3-20260808-front.csv
ea7e37dc5f3a0d89e5ec9bccb42b1c6628bc09e046a8445aa21bcda90f0c54bf	runs/chapter4-golden-10x2x2/FV-FV3-20260809-configuration.txt
8975e9334c9d9f5182e507b774697fa3972482cea844dfaeb03d9bd37b81f40b	runs/chapter4-golden-10x2x2/FV-FV3-20260809-front.csv
ea7e37dc5f3a0d89e5ec9bccb42b1c6628bc09e046a8445aa21bcda90f0c54bf	runs/chapter4-golden-10x2x2/FV-FV3-20260810-configuration.txt
8975e9334c9d9f5182e507b774697fa3972482cea844dfaeb03d9bd37b81f40b	runs/chapter4-golden-10x2x2/FV-FV3-20260810-front.csv
35d7986f01a2cd8b00779b5dda5a78ec9ec48bebbb5891a00255985bada51fff	runs/chapter4-golden-10x2x2/FV-FV4-20260808-configuration.txt
8975e9334c9d9f5182e507b774697fa3972482cea844dfaeb03d9bd37b81f40b	runs/chapter4-golden-10x2x2/FV-FV4-20260808-front.csv
35d7986f01a2cd8b00779b5dda5a78ec9ec48bebbb5891a00255985bada51fff	runs/chapter4-golden-10x2x2/FV-FV4-20260809-configuration.txt
8975e9334c9d9f5182e507b774697fa3972482cea844dfaeb03d9bd37b81f40b	runs/chapter4-golden-10x2x2/FV-FV4-20260809-front.csv
35d7986f01a2cd8b00779b5dda5a78ec9ec48bebbb5891a00255985bada51fff	runs/chapter4-golden-10x2x2/FV-FV4-20260810-configuration.txt
8975e9334c9d9f5182e507b774697fa3972482cea844dfaeb03d9bd37b81f40b	runs/chapter4-golden-10x2x2/FV-FV4-20260810-front.csv
9440fc19213bd18c6244c572a5b65ba69f1f3d78ef388db45afb3ace23442e4c	runs/chapter4-golden-10x2x2/FV-FV5-20260808-configuration.txt
8975e9334c9d9f5182e507b774697fa3972482cea844dfaeb03d9bd37b81f40b	runs/chapter4-golden-10x2x2/FV-FV5-20260808-front.csv
9440fc19213bd18c6244c572a5b65ba69f1f3d78ef388db45afb3ace23442e4c	runs/chapter4-golden-10x2x2/FV-FV5-20260809-configuration.txt
8975e9334c9d9f5182e507b774697fa3972482cea844dfaeb03d9bd37b81f40b	runs/chapter4-golden-10x2x2/FV-FV5-20260809-front.csv
9440fc19213bd18c6244c572a5b65ba69f1f3d78ef388db45afb3ace23442e4c	runs/chapter4-golden-10x2x2/FV-FV5-20260810-configuration.txt
8975e9334c9d9f5182e507b774697fa3972482cea844dfaeb03d9bd37b81f40b	runs/chapter4-golden-10x2x2/FV-FV5-20260810-front.csv
d25cfa46295aae98538663503c215b28acf05c8e83c29f0f8ea0f99ee74c8dd3	runs/chapter4-golden-10x2x2/FV-FV-Full-20260808-configuration.txt
8975e9334c9d9f5182e507b774697fa3972482cea844dfaeb03d9bd37b81f40b	runs/chapter4-golden-10x2x2/FV-FV-Full-20260808-front.csv
d25cfa46295aae98538663503c215b28acf05c8e83c29f0f8ea0f99ee74c8dd3	runs/chapter4-golden-10x2x2/FV-FV-Full-20260809-configuration.txt
8975e9334c9d9f5182e507b774697fa3972482cea844dfaeb03d9bd37b81f40b	runs/chapter4-golden-10x2x2/FV-FV-Full-20260809-front.csv
d25cfa46295aae98538663503c215b28acf05c8e83c29f0f8ea0f99ee74c8dd3	runs/chapter4-golden-10x2x2/FV-FV-Full-20260810-configuration.txt
8975e9334c9d9f5182e507b774697fa3972482cea844dfaeb03d9bd37b81f40b	runs/chapter4-golden-10x2x2/FV-FV-Full-20260810-front.csv
3c6394dc8eadecb810863f56658ec6d1bd410c8a2f2c2919073f6d3db03881e2	runs/chapter4-golden-10x2x2/QP-QP0-20260808-configuration.txt
8975e9334c9d9f5182e507b774697fa3972482cea844dfaeb03d9bd37b81f40b	runs/chapter4-golden-10x2x2/QP-QP0-20260808-front.csv
3c6394dc8eadecb810863f56658ec6d1bd410c8a2f2c2919073f6d3db03881e2	runs/chapter4-golden-10x2x2/QP-QP0-20260809-configuration.txt
8975e9334c9d9f5182e507b774697fa3972482cea844dfaeb03d9bd37b81f40b	runs/chapter4-golden-10x2x2/QP-QP0-20260809-front.csv
3c6394dc8eadecb810863f56658ec6d1bd410c8a2f2c2919073f6d3db03881e2	runs/chapter4-golden-10x2x2/QP-QP0-20260810-configuration.txt
8975e9334c9d9f5182e507b774697fa3972482cea844dfaeb03d9bd37b81f40b	runs/chapter4-golden-10x2x2/QP-QP0-20260810-front.csv
d7e8843f465e6bbbf4765d0746fd04259eb990e74112d33a8fd6c5cafc03afc4	runs/chapter4-golden-10x2x2/QP-QP1-20260808-configuration.txt
8975e9334c9d9f5182e507b774697fa3972482cea844dfaeb03d9bd37b81f40b	runs/chapter4-golden-10x2x2/QP-QP1-20260808-front.csv
d7e8843f465e6bbbf4765d0746fd04259eb990e74112d33a8fd6c5cafc03afc4	runs/chapter4-golden-10x2x2/QP-QP1-20260809-configuration.txt
8975e9334c9d9f5182e507b774697fa3972482cea844dfaeb03d9bd37b81f40b	runs/chapter4-golden-10x2x2/QP-QP1-20260809-front.csv
d7e8843f465e6bbbf4765d0746fd04259eb990e74112d33a8fd6c5cafc03afc4	runs/chapter4-golden-10x2x2/QP-QP1-20260810-configuration.txt
8975e9334c9d9f5182e507b774697fa3972482cea844dfaeb03d9bd37b81f40b	runs/chapter4-golden-10x2x2/QP-QP1-20260810-front.csv
d304cb9c64f753925ad7bfa29c197ad71bf03b5d1f28e5d5114c11a4e5f8de3a	runs/chapter4-golden-10x2x2/QP-QP2-20260808-configuration.txt
8975e9334c9d9f5182e507b774697fa3972482cea844dfaeb03d9bd37b81f40b	runs/chapter4-golden-10x2x2/QP-QP2-20260808-front.csv
d304cb9c64f753925ad7bfa29c197ad71bf03b5d1f28e5d5114c11a4e5f8de3a	runs/chapter4-golden-10x2x2/QP-QP2-20260809-configuration.txt
8975e9334c9d9f5182e507b774697fa3972482cea844dfaeb03d9bd37b81f40b	runs/chapter4-golden-10x2x2/QP-QP2-20260809-front.csv
d304cb9c64f753925ad7bfa29c197ad71bf03b5d1f28e5d5114c11a4e5f8de3a	runs/chapter4-golden-10x2x2/QP-QP2-20260810-configuration.txt
8975e9334c9d9f5182e507b774697fa3972482cea844dfaeb03d9bd37b81f40b	runs/chapter4-golden-10x2x2/QP-QP2-20260810-front.csv
f60821a578de61ecc44842c2b0acb6dfd7f3a1c023c91e1bc06ca186fa3655c5	runs/chapter4-golden-10x2x2/QP-QP3-20260808-configuration.txt
8975e9334c9d9f5182e507b774697fa3972482cea844dfaeb03d9bd37b81f40b	runs/chapter4-golden-10x2x2/QP-QP3-20260808-front.csv
f60821a578de61ecc44842c2b0acb6dfd7f3a1c023c91e1bc06ca186fa3655c5	runs/chapter4-golden-10x2x2/QP-QP3-20260809-configuration.txt
8975e9334c9d9f5182e507b774697fa3972482cea844dfaeb03d9bd37b81f40b	runs/chapter4-golden-10x2x2/QP-QP3-20260809-front.csv
f60821a578de61ecc44842c2b0acb6dfd7f3a1c023c91e1bc06ca186fa3655c5	runs/chapter4-golden-10x2x2/QP-QP3-20260810-configuration.txt
8975e9334c9d9f5182e507b774697fa3972482cea844dfaeb03d9bd37b81f40b	runs/chapter4-golden-10x2x2/QP-QP3-20260810-front.csv
2f55f1ca450c6419b1a38cbd1ade880657af4e331b9adc48f5cb786e93831670	runs/chapter4-golden-10x2x2/QP-QP4-20260808-configuration.txt
8975e9334c9d9f5182e507b774697fa3972482cea844dfaeb03d9bd37b81f40b	runs/chapter4-golden-10x2x2/QP-QP4-20260808-front.csv
2f55f1ca450c6419b1a38cbd1ade880657af4e331b9adc48f5cb786e93831670	runs/chapter4-golden-10x2x2/QP-QP4-20260809-configuration.txt
8975e9334c9d9f5182e507b774697fa3972482cea844dfaeb03d9bd37b81f40b	runs/chapter4-golden-10x2x2/QP-QP4-20260809-front.csv
2f55f1ca450c6419b1a38cbd1ade880657af4e331b9adc48f5cb786e93831670	runs/chapter4-golden-10x2x2/QP-QP4-20260810-configuration.txt
8975e9334c9d9f5182e507b774697fa3972482cea844dfaeb03d9bd37b81f40b	runs/chapter4-golden-10x2x2/QP-QP4-20260810-front.csv
cbf930f667a6e55d08c79d8e4af9849771ef94d618313e572c981a8faad31aee	runs/chapter4-golden-10x2x2/QP-QP5-20260808-configuration.txt
8975e9334c9d9f5182e507b774697fa3972482cea844dfaeb03d9bd37b81f40b	runs/chapter4-golden-10x2x2/QP-QP5-20260808-front.csv
cbf930f667a6e55d08c79d8e4af9849771ef94d618313e572c981a8faad31aee	runs/chapter4-golden-10x2x2/QP-QP5-20260809-configuration.txt
8975e9334c9d9f5182e507b774697fa3972482cea844dfaeb03d9bd37b81f40b	runs/chapter4-golden-10x2x2/QP-QP5-20260809-front.csv
cbf930f667a6e55d08c79d8e4af9849771ef94d618313e572c981a8faad31aee	runs/chapter4-golden-10x2x2/QP-QP5-20260810-configuration.txt
8975e9334c9d9f5182e507b774697fa3972482cea844dfaeb03d9bd37b81f40b	runs/chapter4-golden-10x2x2/QP-QP5-20260810-front.csv
fa1ffa28913a49ea44de9c3f3095c118310196a28df6839132c8cf3ae895b162	runs/chapter4-golden-10x2x2/QP-QP6-20260808-configuration.txt
8975e9334c9d9f5182e507b774697fa3972482cea844dfaeb03d9bd37b81f40b	runs/chapter4-golden-10x2x2/QP-QP6-20260808-front.csv
fa1ffa28913a49ea44de9c3f3095c118310196a28df6839132c8cf3ae895b162	runs/chapter4-golden-10x2x2/QP-QP6-20260809-configuration.txt
8975e9334c9d9f5182e507b774697fa3972482cea844dfaeb03d9bd37b81f40b	runs/chapter4-golden-10x2x2/QP-QP6-20260809-front.csv
fa1ffa28913a49ea44de9c3f3095c118310196a28df6839132c8cf3ae895b162	runs/chapter4-golden-10x2x2/QP-QP6-20260810-configuration.txt
8975e9334c9d9f5182e507b774697fa3972482cea844dfaeb03d9bd37b81f40b	runs/chapter4-golden-10x2x2/QP-QP6-20260810-front.csv
925f9805cc2b35e88dbdebef5984bd5cdc2f194b5b1d1a2ad75391a55045e6c8	runs/chapter4-golden-10x2x2/VNS-V0-20260808-configuration.txt
8975e9334c9d9f5182e507b774697fa3972482cea844dfaeb03d9bd37b81f40b	runs/chapter4-golden-10x2x2/VNS-V0-20260808-front.csv
925f9805cc2b35e88dbdebef5984bd5cdc2f194b5b1d1a2ad75391a55045e6c8	runs/chapter4-golden-10x2x2/VNS-V0-20260809-configuration.txt
8975e9334c9d9f5182e507b774697fa3972482cea844dfaeb03d9bd37b81f40b	runs/chapter4-golden-10x2x2/VNS-V0-20260809-front.csv
925f9805cc2b35e88dbdebef5984bd5cdc2f194b5b1d1a2ad75391a55045e6c8	runs/chapter4-golden-10x2x2/VNS-V0-20260810-configuration.txt
8975e9334c9d9f5182e507b774697fa3972482cea844dfaeb03d9bd37b81f40b	runs/chapter4-golden-10x2x2/VNS-V0-20260810-front.csv
0e7d75a0aa6c25b80b290f9478def960f75e49cbeff63d5603e9e97cd703d489	runs/chapter4-golden-10x2x2/VNS-V1-20260808-configuration.txt
8975e9334c9d9f5182e507b774697fa3972482cea844dfaeb03d9bd37b81f40b	runs/chapter4-golden-10x2x2/VNS-V1-20260808-front.csv
0e7d75a0aa6c25b80b290f9478def960f75e49cbeff63d5603e9e97cd703d489	runs/chapter4-golden-10x2x2/VNS-V1-20260809-configuration.txt
8975e9334c9d9f5182e507b774697fa3972482cea844dfaeb03d9bd37b81f40b	runs/chapter4-golden-10x2x2/VNS-V1-20260809-front.csv
0e7d75a0aa6c25b80b290f9478def960f75e49cbeff63d5603e9e97cd703d489	runs/chapter4-golden-10x2x2/VNS-V1-20260810-configuration.txt
8975e9334c9d9f5182e507b774697fa3972482cea844dfaeb03d9bd37b81f40b	runs/chapter4-golden-10x2x2/VNS-V1-20260810-front.csv
381b5059ac0d1bd1d06840f42db403dd94dbc0aacf536fb88b7dc3a5d661e93f	runs/chapter4-golden-10x2x2/VNS-V2-20260808-configuration.txt
8975e9334c9d9f5182e507b774697fa3972482cea844dfaeb03d9bd37b81f40b	runs/chapter4-golden-10x2x2/VNS-V2-20260808-front.csv
381b5059ac0d1bd1d06840f42db403dd94dbc0aacf536fb88b7dc3a5d661e93f	runs/chapter4-golden-10x2x2/VNS-V2-20260809-configuration.txt
8975e9334c9d9f5182e507b774697fa3972482cea844dfaeb03d9bd37b81f40b	runs/chapter4-golden-10x2x2/VNS-V2-20260809-front.csv
381b5059ac0d1bd1d06840f42db403dd94dbc0aacf536fb88b7dc3a5d661e93f	runs/chapter4-golden-10x2x2/VNS-V2-20260810-configuration.txt
8975e9334c9d9f5182e507b774697fa3972482cea844dfaeb03d9bd37b81f40b	runs/chapter4-golden-10x2x2/VNS-V2-20260810-front.csv
f559b0f7f4f386b2c161f881c5438d1ef7eeb5bbc0ffe2b613d517129a9edc3e	runs/chapter4-golden-10x2x2/VNS-V3-20260808-configuration.txt
8975e9334c9d9f5182e507b774697fa3972482cea844dfaeb03d9bd37b81f40b	runs/chapter4-golden-10x2x2/VNS-V3-20260808-front.csv
f559b0f7f4f386b2c161f881c5438d1ef7eeb5bbc0ffe2b613d517129a9edc3e	runs/chapter4-golden-10x2x2/VNS-V3-20260809-configuration.txt
8975e9334c9d9f5182e507b774697fa3972482cea844dfaeb03d9bd37b81f40b	runs/chapter4-golden-10x2x2/VNS-V3-20260809-front.csv
f559b0f7f4f386b2c161f881c5438d1ef7eeb5bbc0ffe2b613d517129a9edc3e	runs/chapter4-golden-10x2x2/VNS-V3-20260810-configuration.txt
8975e9334c9d9f5182e507b774697fa3972482cea844dfaeb03d9bd37b81f40b	runs/chapter4-golden-10x2x2/VNS-V3-20260810-front.csv
77ebe20b84b00bef09329123fbe67492554e0ed64ffafaff3f1e2173ea4f4723	runs/chapter4-golden-10x2x2/VNS-V4-20260808-configuration.txt
8975e9334c9d9f5182e507b774697fa3972482cea844dfaeb03d9bd37b81f40b	runs/chapter4-golden-10x2x2/VNS-V4-20260808-front.csv
77ebe20b84b00bef09329123fbe67492554e0ed64ffafaff3f1e2173ea4f4723	runs/chapter4-golden-10x2x2/VNS-V4-20260809-configuration.txt
8975e9334c9d9f5182e507b774697fa3972482cea844dfaeb03d9bd37b81f40b	runs/chapter4-golden-10x2x2/VNS-V4-20260809-front.csv
77ebe20b84b00bef09329123fbe67492554e0ed64ffafaff3f1e2173ea4f4723	runs/chapter4-golden-10x2x2/VNS-V4-20260810-configuration.txt
8975e9334c9d9f5182e507b774697fa3972482cea844dfaeb03d9bd37b81f40b	runs/chapter4-golden-10x2x2/VNS-V4-20260810-front.csv
e2dfb8a8d903827a886999e38664fc94455e5962e0c7ecc2644ea72e5a04ac9e	runs/chapter4-golden-10x2x2/VNS-V5-20260808-configuration.txt
8975e9334c9d9f5182e507b774697fa3972482cea844dfaeb03d9bd37b81f40b	runs/chapter4-golden-10x2x2/VNS-V5-20260808-front.csv
e2dfb8a8d903827a886999e38664fc94455e5962e0c7ecc2644ea72e5a04ac9e	runs/chapter4-golden-10x2x2/VNS-V5-20260809-configuration.txt
8975e9334c9d9f5182e507b774697fa3972482cea844dfaeb03d9bd37b81f40b	runs/chapter4-golden-10x2x2/VNS-V5-20260809-front.csv
e2dfb8a8d903827a886999e38664fc94455e5962e0c7ecc2644ea72e5a04ac9e	runs/chapter4-golden-10x2x2/VNS-V5-20260810-configuration.txt
8975e9334c9d9f5182e507b774697fa3972482cea844dfaeb03d9bd37b81f40b	runs/chapter4-golden-10x2x2/VNS-V5-20260810-front.csv
321539fe2b211744b1bc295e51f740356d2df3789e3d8151a0808f6007ee58d9	runs/chapter4-golden-10x2x2/VNS-V-Full-20260808-configuration.txt
8975e9334c9d9f5182e507b774697fa3972482cea844dfaeb03d9bd37b81f40b	runs/chapter4-golden-10x2x2/VNS-V-Full-20260808-front.csv
321539fe2b211744b1bc295e51f740356d2df3789e3d8151a0808f6007ee58d9	runs/chapter4-golden-10x2x2/VNS-V-Full-20260809-configuration.txt
8975e9334c9d9f5182e507b774697fa3972482cea844dfaeb03d9bd37b81f40b	runs/chapter4-golden-10x2x2/VNS-V-Full-20260809-front.csv
321539fe2b211744b1bc295e51f740356d2df3789e3d8151a0808f6007ee58d9	runs/chapter4-golden-10x2x2/VNS-V-Full-20260810-configuration.txt
8975e9334c9d9f5182e507b774697fa3972482cea844dfaeb03d9bd37b81f40b	runs/chapter4-golden-10x2x2/VNS-V-Full-20260810-front.csv
c5bd53e97c87b013fdccf23dc6e4f3af7b4dcb8ec1c3e9705bb61eca265d3f8f	unsupported-combinations.csv
