"File","Same","Hash"
"05_one_particle_evolution\trace_summary.properties","True","4C9D418F9B92D4E596658FAF7522AEA04D4F8265B5C69A1A3CFF6F8B3F5DC64A"
"05_one_particle_evolution\qg_events.log","True","C5AAF5A311E2282C293144208FC43013D273DE492459B0339CCD0D310470DCB2"
"05_one_particle_evolution\qp_tracked_lineage_events.log","True","F93DF5CEE06DED18391E2A7BD6A45784130ACC131B89BA613F73517DC1735F7B"
"05_one_particle_evolution\cfvf_tracked_lineage_events.log","True","6180992259E7793DA5C85CE854901046A8744921341A87AC2CF950D2E87F3287"
"05_one_particle_evolution\dual_q_events.log","True","283E15F399ADDAFCCC791CE685B046B03120B6CF1B8BC2090400B36AB76890E3"
"06_local_search\cata_tracked_lineage_events.log","True","5C14F0EE32DC1554436D7ED33332A8C8DDE5B48647E30798C9633A6D5CF6C8EF"
"07_environment_selection\pddr_events.log","True","D6766B57C56DFB74DDA8FBEF8F1F33248D5FA0FB768651EABC2E812AB9F3749F"
"07_environment_selection\lineage_events.log","True","D8FD271AAA8CED7579C98EDFDE57726A50153E1878E8C415C1DFB81A1522B4C8"
"07_environment_selection\final_population.csv","True","363B8C40D61197C724EB50D3E9911A5739D38D43FEC91AD62FB231D31FEC643A"
