candidateFingerprint,Cmax,TEC,TWC
11eabd645f3330f80b2e983263a47a20b8fe451d92b3ca90f3f2afe3e7f27468,417.72141211707986,21955.264610170052,46769.030469548896
963fbcc3010c2652a1ec8a6f8946236d7ad911b4178c40c106a3387900e85af1,573.3942057536453,21642.10009480881,38891.77750611417
9551a51abcf5b710641dbe1a25586d9cbdb32d915ef7051758e6c8170caf801e,479.92177738410817,21384.879706525346,47556.25910671815
3dcac922fcb762e32d99d6221f586d1e5100f19e7fe9a6ff2c8ea8532adddb15,513.3180288789829,21516.53311250343,41537.612861179645
dd55af673b2c11f01526b7407226bf49cf09faa2736b3f18df3297e4964783c0,512.2868316597632,21199.460338083292,44987.47188016529
d3e7b07f6ff3c2467d07a92ac726c150a7c99694ce65582982ec440d98c4e1cb,632.2563464314493,21404.510220829237,39515.19615699019
9ad83a05b6ba8f609e53656a1d2b9407b08289098591e51ed475e34cc073cb4b,500.5951963164441,21375.544363055622,45069.062496564344
ee456e4426940445a285fc4a2fb33915534838f5776c265c7c3e5495ef081acc,814.643198479996,21395.957037843596,38825.677663538816
fa4a57481a5aba9fd764cd53816f97fcc2298bf755f05ee187daed4b46516fef,514.8944070592254,21277.4549428549,43881.77583817452
11b63ae6fb39eb4ccd4897986eace7f6b97abc176004f4fda4b175f37011d958,530.914540781539,21160.377650738206,43313.7657367012
b309bea4ba157b944e5d85ab624a91a9ea4bb32a87da7ae1c938258d515cd2d9,763.4816421496597,21342.624263333906,39606.22312882191
2f8f019942a96b2860969842e70cc7b63e20b3fd01de469580c4728f2788154c,562.9732894789694,21051.38648331196,43144.57351390974
6afa13071b21f25635e4f5df16a64bcbb5cd7f05381ce1e3f4198dac61ab36b5,494.088245259669,21169.578572998824,45501.79476207903
ef5c5bc8c625492e139ff7d15b4b15a50a23c7995a665b19e779abd10ba173c9,545.169642318052,21187.60353121185,42850.67448253462
ef4b3ae1fdfb25a51f4ef72bb423699c455c7f23c1943385215851ab514491be,948.5187910328949,21387.076626896735,38470.638901779836
6059ccefdc17649e49c7576a3ce69c543161550d391c989d4ba7b8aa1f44d708,827.9132272009037,21595.760686807815,37027.82166113742
bd88a7607ac2eb979ce15bb98725278970e096fb379d65e7b3bba0e502631b75,634.4868398756244,21078.243621645986,42590.066434320455
1e6c2f5ffe0fe76a8ff1a2eca6b1a2a7960cb481868f4f7390912aa70f1d4427,535.0008538442835,21201.873694481084,42619.98452067645
aaeab2ebf2f056be8e7ec383980f9b6d3115d56d745b22f4866f98f687d9c242,466.722590211328,21734.574145096165,44727.504030549484
786fe1209c31d64c45776973a472ea0bbf051e1be8224f8aba3f02d295cf606a,813.7736159559705,21600.078693570664,38010.57584627685
886f1a7186c627489e355ea33f0cf51966db42164ef9d0ae3380ae2f40cb9dcd,500.29078860373573,21492.12282784027,44985.17241772582
b4d1aac8a41fb3c8657646690eb2557cfc0cc04912870d91aae25f08b495b92b,722.4872434580667,21706.49377376597,37147.607440486536
03c0dbcb116c4183f393f0ddf8f11cf17a0bb7f7575295724f1f356fc84f823a,533.3721336234872,21591.385660852444,40217.827899862
d76d228dfbbc168adbeb5e9b38bb574040f95250694de035659d0d45bfc29379,501.89528378084964,21604.774993880634,42104.845768849176
ec402ab9f54cf61846ca62cb0a8e3d1a79f8bccb9bc722788f542e1d1811d0fa,834.1175104165843,21552.626602544835,37410.95358835376
3f826f5334b0979229ff9b6b758cdd7e6989f82f671c00e7d73d0444247fe322,514.7176126964637,21374.031984912857,41855.584484633575
e14dc3b0af3dfabc5293713eddbf47676fa2905e89b370a9d1a18f6a4bd50b30,719.8872562590059,21522.639169029233,38621.657389930995
dfcca9c531430b261b8156b5835737c1a9529ddd4a3ee7b524b7f6d4766eecb1,528.9093210785677,22095.91703993624,39274.43415163573
4352a1c95dd2847e6879122bdf88065987d0563ffd0dfbdf43bbb127f089f444,587.6865044975037,21708.017547780175,38289.22080568255
3787e79eb7121f1a74d08d86b6bc66dee3d39c3c0d028bb09e45bd26bbd4a538,524.4476813437872,21747.17830282261,40392.93462654425
aeddd1ef36529e666f38ef4e6c45dd9f46edfa71a7e42b264cc564cd2aa51e9d,505.1379462832235,21636.397444163034,41178.36546259997
b7b8ff064317e9a625be48dc0919991a94924ea67103124f851887f06372ebf3,916.1872513329997,21442.905849933202,37732.95822675727
aef7b4bca61d9711ab5b0d045d119b3d6e2c26d89a952b818253a01ed42fac3f,766.6872546056135,21603.24993753944,37439.51036406221
543d0a7149c9a5c0cbced12f6cfe91498d544eafd3a3f64ef4f4f9fa5e29112b,625.2266233080121,21498.253223288328,38883.49578300052
113ee4e34526a562b74c446e7abe70a63ac01ab4592d9e71335a7da3831fb499,722.4872465698099,21929.52003444474,36029.018150487806
52bca54a2eacd13f07a738fa830a7ffb616c0ad1f5c71a2c15ec564c042904b2,743.287254544488,21632.808903770587,37843.37099492034
892f8ce6082b0638c90be0cd783f412e824cc0b5d97e5085f37f2617b88ecefb,540.3536223249895,21623.541440653993,40065.91830212581
180467631a8befa130a05065eeeb6ef85d17e1b6ac5e1c229f28297fa319f97a,596.6728402504748,21583.534648370376,39431.798098455154
d30f41354242ef815d53a86ceff1d9407d6a249ea4a4ff785641e4adb3e703df,538.0695512047021,21248.843597640196,41200.5134306768
2899a56482784e093400f611c91f6401eec2ce2f97b088a4b63736ac036732a5,681.2867221161463,21572.281207595814,38548.55211398317
6cdbd0f5232718f11ed86c4902dffc7095ecb8e2f0f911d17b6a6ab6a9fddad7,527.8950781328058,21430.88143571624,40849.21252928416
10d5646ecc928cf6e5bb08a805bdad3957c0bc520e819964f46bfae6bc0a0c6c,533.009568706911,21201.51948281534,43276.29438641212
ee60a2072c9d20397c13f6a2681d22d88e9ef07e694de2d7d34aec88c57c6f06,527.7193492831543,21337.21017763463,41134.91789282115
42e298901d4016e527fd714c4d4c52f279797d67ce779172c64bfe090c787edb,651.3951221341845,21346.55806512764,40296.82725532608
44ad88839d4615c1abc5b5f9f108e1195f92a882995cebdf91d578d9a8ec4323,620.1952076840043,21399.051572637087,40351.5410913808
b9f46048be377e1b89ce7479d64f10bd3a1557b8dec26a137b5cdd44cbeeb280,686.4868482390199,21355.605191284583,39708.275564393174
80d2f3f17ddaecb3a27378d8a466636941704a2474cac06f5eae67098f7183d6,525.623567185216,21349.071194663313,41170.87546465492
c35742f24e28e3f3c292b39a5cfd6c2334dc8abb8352c2e21f52dff11b039d2d,562.9868596999911,21500.804652272906,39728.24974544064
50afd59248143905a6963da22ee9591d113bd60381855d5905e3cff6f7059c0e,621.7416915697817,21621.22086649153,38686.53987411387
c12e95b80945fed1ec7a2f056b604cb26da00b0ec17323073f014f4e9c71c511,568.1398435195347,21542.185138852525,39668.99794937494
a46464ed139ff3c0c66dbe8a11b014fd06619e1e860417fff77e4168f6ee5a4d,537.9079244493275,21233.611826683366,41758.836179396036
838d0f8fe8f5c59c057133cbc265e1e5e4c3be54646996d059a6a6ce59e59027,353.79709706255295,23303.72744727168,38346.83730329946
2efb612109effc5e174a50910ed49807b7ef6bfbeb566b0480555f7e0da7b723,502.44811004815955,21454.746438430302,42623.75411910661
b6ba5e9b20667091258443dec9dee01083a80f0edf6b924fac154cbcc68862ff,566.6803928177724,21570.187559143847,39701.77105006916
2719ba8b38a2a9d438f534d7c78cb2d1d9e486371d89d174d3cf248b86f4fc60,528.4580278990287,21292.192380954217,41566.8124717226
8691a8f8301a98e864b3bd768ec3eea7ce0a2246b889e7b322ccba5e23a97780,563.4469295891291,21294.628498423415,40950.319281744014
e444beb0a355a4ae7c25ad5cfdc73be9404b490b243b5c145b17deb4bfef438f,552.1879055285904,21610.426359613557,39204.73376615846
07fbcafdfdb1f00f182da7add900570935f4d3b26512ce94c8d788e5d3cba53c,597.5509542455749,21444.860904292742,39060.15521099733
5ab3f7a5eb4f3a6bb36835e5727d54e7a46a2a40d045f637e7b23712e06ed6ae,808.289907318097,21372.093188338113,39214.87508420706
0504a61d81ad87b57c1a40419210dd7bb5a040c11f93ab6d80fa39263171d9a1,547.750772768925,21616.368722801617,39602.31183377729
8e012a8f5823460475e5b805ce2642d8dfa68d84fd98d201c321c142b0b5ce54,503.797999788153,21406.700901638098,41992.43471216172
59595a748a49001c1bf39ab94b1f9085783c48ca6e778c789888a2d4baa59f5f,503.797999788153,21266.692241492336,45178.82008400082
c1d8a39069cca17a5921c85281f188363be2e83be3dd221322da254d6d332a56,438.9026540074767,21761.172203280687,48725.51672692629
33caf65112de24daaf73f8228cb9987fd81bc57ba3141300569a34f7f88e1adc,425.9663855180554,21867.44217080201,47151.28969217707
31f5d6ebb3bb93a489771dd74df05150dd98bb3e2fb764326022799d9f05d0be,524.1832888935593,21295.178639640435,42705.56065738017
6417be374787ab924536fb494b0c9e117fbe3fbf7250a7603a470b5f191c2040,722.487245783909,21940.54100008859,36041.00470743555
7c61464cdc6cbf66d3c0e6b20531098fba87abaf449bb9733fa2f97faa67817c,481.9564103336504,21570.75315798103,42615.850127134116
cd05aa2e36042f69a2363b81993a3dc1a9a7f95de72c060b68e5635380e19717,514.6815974093355,21446.52792169741,41238.351104662615
ea8c9a888ed7febeb4a56d22b6eba21d5778aba32805c4366ef88c80fbc94315,535.7605762149502,21873.04450435024,39069.57928387007
8c6752108b49a5cff92520ef13046af75e463adf249789d51cec319e0805e100,573.395004251626,21517.228055299347,39622.51430724973
20f924e157970aa204c301ed3396977952ca2c6445387b79586cb1eef1ee7b46,464.2387676645078,21700.20339312312,46296.327490375785
8a37aa4b84bd496621b40821270fb3a9e54280a4d5541f7400bd0e5368477995,536.1034839013109,21656.57527395899,40067.25353565434
56db15e6ba37bd0d76545b813c842b4bce69cd3bfbe98f1fd1fcbeccc6b1b26d,518.3443968494321,21369.86616146069,41203.24569546047
056b210818611babefd3abb342e26dfffd67376ec719f4cf98623da04d44a84b,843.5298609481429,21438.19331700816,38076.5147357884
491f054b1e87e2789bcedb4c1d6386e0f503a4b84210eb0dda3409b633b21150,562.9868596999911,21433.688695122088,39980.98238073102
126b6bc0277188e2d8cb9cc76f48f23638428c15cb409328f9ebda7b548c66eb,771.8899269041511,21557.953930190855,38453.665832656494
5bd2289302f0e10509d7eda38a352482ee2afba2f8ea2af50f69a421289e9df2,544.5229102857932,21358.176354116305,40803.038786248566
f141ec7b92885112796a54f5479cacefce4c678da9f5e383a23df7704b15ab87,572.9872509860555,21827.540089078146,36689.75167628405
5eb96f1ffe56fde3fcf45152e699b56048722a73dbca154fe156ce8921ceccf4,817.3878847598653,21582.820309897746,37835.012537031165
051100b0fbb9d79ffb89504dffc918cb1563a77e1a252195c2b09da566cf4920,530.4868622007564,21396.144839790657,41033.917606349256
6067718bf4d047d2390518e163295919905eea34c1f60b6639f66ecf269366cc,823.8899356818484,21379.080012098777,39048.493164463885
0a612fe41b81746be2cfcd9a978dfddfc60656feb781072b093ef3a22fc8d78d,745.8917556864436,21378.37437062332,39287.53508982904
5d1141a57354a0b2c076c8b744c361c74991be824dc3c55af415af292df8ab6b,806.9899282835689,21483.21700806755,38339.877275788625
b246d70a35f9f5f388e80256301abd71b6b6958462ba6598c1442518ed09aa29,665.2216442244712,21333.229375616746,40047.81654662482
f88cf1a63062f35c5ff888421fdf8c346ba115e520bf7fd9117e160d2927bc86,671.7872555693954,21713.81103448871,37317.56576611488
8a6861c221ea6a857a5833c0c00f8a012fc786a9361e32b6da16913e4707ea22,721.1872542960936,21567.23122049957,38104.86469855692
32bbba2b5757c06515dded5d688ad97d1d88b1b35aff423edc2f490dde2ab4dc,642.0155463001498,21655.705148418052,38405.510386802554
5d96c23fbbfaf6c5e149f21a98cf630c1b82d8b374f1af76e0e1a63e11f548cb,687.2825314631822,21636.74826291276,37892.748480418915
a7d3c2ee7ea74506393f4ec785e4e1f3f2d4f7da74555884cce87ca1f93c5b0a,558.0985367441876,21442.57003704687,39970.01914669069
a32259587a7aacc9dec3c6926a86a2168f6a0b75d502caf668784990bfa1c1a2,838.31320585976,21806.41749152426,36103.8741392406
24f2de2e474c96223ac921521980912abe79d71962985ad0841cd7385860166f,809.5872550965345,21563.974934504673,38021.35219153889
89a182f68f69392ff453cef595d435c6d4b89b975ca6ac2f53f57a772842a5f0,664.3868385246348,21294.397555516538,40233.69990736378
d67ddf5376f026e8bd0d14b7a542efae04de70d8cf9d8dde49e41ece2a0c62d4,604.1272662914157,21529.86919887387,38853.57660026875
35f2bcdfc21d5f37dd21fe7bc307bb509b97fdf69bcb3f81893b962b83329c8d,838.1872517430273,21290.713162070635,40059.679568880754
22a9bd9c53cfa245b7bd8427c53df8ddee0e212f4b7101437dee51185b22edab,562.9868596999911,21223.60553350622,41424.28157915664
4c56d3a7c2bbd842ecec8ba10940d42dfe0963724f2962e74a1de19ac715c9db,508.9055596678436,21341.03324903048,42698.83103710381
0dde347f94c08011772bf1c24175a59621450300a3680640753c7e4201b77b30,613.2899380970263,21213.546399758365,40610.18728970455
336d3c75d2d909e578406a19178d6f5f8b368d5eb978e547a079a30c4e66d087,845.3406992559596,21924.258799195635,35862.1273198993
8c0d879cb859544df9774bb1f3dd7d5c383dfe932cf7c5d5c0d6b9e72744cb4a,437.2417825974448,21933.60197435522,45500.93215888056
e8a27f54e31f2ab0a3543c03a77f6b4aa791dbde0b38fd9c921da6e3324b48c3,424.33618589298646,22005.86980836232,46266.86812936432
ead289c61e3eb71c5852d3e5a9aa70dfcab5429b522ec714108a527481169437,519.3715917473878,21584.692012900177,40814.43065176982
fb659aa8dc81d6b2065171fb846c7ad2cf6391d54ddf9504661956b30e39d018,543.1390962704958,21448.408801030353,40082.163230749415
df0098f5981e452f328a03ecab5b321579b749ee335848e8cf316495d036d466,570.8919566391136,21584.679606555437,39408.162969125915
b47cee27b4b7a2274479a34449e7735c012fd194b53f000175d381d8dea1fdc0,324.2910830833344,23350.122836328752,39331.11565246453
f941d16b7ca3d7490296a3e4120fcd3eb939969b77dba7ddeb87a3e1e13275ce,562.9868596999911,21310.52021418101,40681.335888978036
bb5a708226ecc2abb286d0a3c73b3259221637df06e3887e03578d00db124014,544.6185560891231,21440.78694401247,40106.873628524765
ce2d9abc907bd7c557b32fdb8b4f78bdc924beabc8ced810f7429501ddec9a0b,404.5530684716888,22102.07290488259,46225.76803841248
c2d7ceea32dc91f045e8c9d917b67a3cb96aa3bde096d56dcb7a34ce54922bc0,529.692449656966,21467.453807498907,40282.17102712016
ab5f3aee8d7cd6585db5a9328e04035714081d9fc8ca4ebffd0289ec45906a8b,587.2899342571836,21760.114887115793,38578.985680713
f22cff520802b0e9ed7f0905c469bf7ae8286d64f802f3ae766f8b340ee9b43b,401.45342075000235,22112.05280884032,44142.143631163635
e279420208104630f01d056cb8f771842d42475aba16ec980d57cdad6db3baf8,510.6341342158409,21624.108260974288,41675.66650881104
ae39770569b5c6daa86ec01adac707ac2b58c7192af123ca10008738db24a5e3,625.7324016784124,21206.955136968452,41088.4938983532
31d365ccec1434e414c3c4a87157f67b3c177f0bcfb14a53be732857eeabb6c4,478.4810407189431,21578.73692760113,42822.36029415195
991c0cbd526a33d0e50bbff7f7f420f396feecd7e077b7940cb7fb15d053dd07,583.8655040081851,21216.229174358552,40630.15766091779
513c1b288ef55ed000030e93c2dea8bad683ebd12d32ecc9522c42bc74a3795c,651.3951532539643,21258.191690098975,40514.73574982838
eca85f56db45b86f7b075151454e5d6b67a8bc28deb7eb4474fbf2c45ac49054,439.6817535148709,21987.07044093653,43568.582066194154
2444215e2f72c580415a52e44110cc2382d7925f448dcd8aef9394f7c7161f63,926.4175068536567,21550.73155720315,36823.84550392112
8e78a70e69f24da5be5de72f58be3905eb99924c1ff0f7a7739e29235efb1cda,362.807697699789,22168.85214000641,43691.41642056441
a6c670f494d3c7632f86b20aadcdc2f44c43e8e89405bf231bd3ffa439cf39f7,551.4252374985361,21389.424938758864,40354.00881165601
412950b4f1f51ae07209d5e299aa5e675962b5dccd4b322903b654d846b067f4,548.9885086727093,21160.81855561519,42147.814428596386
8ae7868bb2ae7d27143b30f87055ec9779493ceb3ec41cf9875100e7b50e5211,360.3107880253191,23385.748142174096,38033.55678754915
9b99e47839cffe8156b0061e389e9bf1fa2407f396bf67a603b2ac779902181d,581.2077369504057,21214.681160875698,41425.48648755205
355a9f89ee145f474c364d1ffefbfa7e11f3947bf5bca0edc356c9eacaac4578,369.5853385101307,22570.2351942961,39839.254152109395
6c1fe49a716f7b752eb88f32f2b8bf8b553dc8a41f4a0c0efadabe463de2e592,531.1876632129591,21710.444520524172,40149.823266171494
bce6914b2738b0e0a3ad18a5a786accb3fe3ab03b7c2e5e6c21f40988f9ac4cd,717.6866326080046,21273.073247348493,40222.2734509556
5c4e734716c3f1f113ca6566db324db7c872a12f6b18ad28d380b0721e07a011,328.1845378512118,22787.13100042493,38985.25007717442
a733a6fe5ac3a6143a8ec85c5bf0f0deb52143e314ff3ea6208d373e0a4e643c,328.1845378512118,22781.373126686947,39236.27999505791
2465de4be4b222589d99959cae14cdc307ebaf5e38d145e067299984bc9d0de7,522.1299871807433,21695.60151640299,40726.52430625606
d487c9bbff8ecb297f0794bb57eda9c077573e6e73f255d627aee7a11e1aee52,503.797999788153,21550.82856839163,41708.79216382162
2ba0459ab9ec92f1ad4a08484c84072b84f5fd9edabb4dca01c57c9212e62988,541.4158700885899,21474.51520635555,40228.460383670164
1f230ef656319dc5da9fed95a6af3505e295dc54c66becc379237085cf52cee5,400.7058359294336,22170.436772544876,42690.602286203684
41d4cfab5f594d581d9bd4b48fc6863886f8131c4d4a79ed3415dec41d4783f4,333.99673192034174,22957.244009033006,38718.11486363363
78e72dadb87c97921cbe151dd3c799e4a4b62a59fadf4a24ef24e555ef40af88,478.50448522359477,21639.783116541264,41579.78949406704
56994ee096a3e9b31f0f32cd09f80574a3b26c0ff992c0c53530a4d3bf844d32,516.6577712624533,21795.966627103156,40527.582051935795
9565c494821d2f0330712e9acb8492175717ef0f58235c011f677db77bc2b41a,337.5443237516194,22575.460149296705,39342.74826370321
9c4016a4ba9c3782259063bb17fb496b8f88d5e0f26b6e2bba8c1d0a004f8457,345.8407627500234,22531.55052393917,40672.730980910215
2e0ae8b1a01d85bb0e5549d37ee74384307d63b890594adbe5b720529af18c2f,664.3868359176953,21324.37300348444,40405.63262051384
f7827867168191e78e170adf40408dd29a09221315bb363493ace5292bcb73a0,537.379830981391,21731.1594985811,39931.04904525184
80af73c42e04f6baf93d51f442d5e11bb39ea9c37f06f09484c93b53c311eb1c,353.4621313139046,22962.3310652588,38408.7048854795
ebf050a422c3c3be3c67ac6f7ef7f69ca8aba9b0ee0e8787b228437989aab54a,550.0690335852726,21147.819268590167,42033.425193902214
5eaee2510a3233d31f3c472738050f6661b8eb1dfa9cce1061d35b800f661178,581.1951444828936,21353.63714403105,40661.30466377635
662a898ffdcce0c77552adb7c82527f5f4b3405e1ae0a3ae37def9a4198723f1,550.6992556938515,21149.69257474023,41681.59431736525
16d91337edaa5070ebdfcf68143fa7240db7664fc90472ee3054b2342ba0c5d4,724.4416892406477,21390.873131716562,39102.46440436694
4e072f370d290e4399bcfe2e066d68d8a66dbd9018e3dda8a6cfb31afb6921b6,663.9872513035335,21594.506017181593,38162.8834888999
fb79b83e9407e295d6a605558428d47ffce7fa721012a53465b98df3fb6b466c,455.2846259137657,21817.06416672288,48476.171891490616
9104c75d432717b8ce398c94826e719aa3f0bbffaf5386886660e3242a03618d,417.1608045503753,22627.37964666727,37479.78077819315
84dcb95769ccd6790bb5d534542f0daf4906962d7b05915dc889d8b950540ce6,330.2202192751179,22778.35600415178,38827.573640908064
b23f6982026fda88ab2076c2c1e45b834726f32f26261f34e7263bcc7d9669f1,500.59517864073416,21433.190206208128,43506.31621598577
e0d49db932d1cca1ac89425ce8101c828fa8d7f6677459c3bc8316be493f67ff,552.5558724520514,21479.755135686497,39817.937490071134
8539f55056b1549f22b13ba9160e7a9530a27c1846810341217919b84d3521f3,642.2867860348805,21160.788983009228,41290.37677320855
0c18ebc861b7b39c5271d84c39344642252749fba8c61e1c9610e710e9953e67,332.53320840700275,22772.990230393243,39412.12863842235
513b26b09c2b9fbb9b2a69edd8ffcfff7d7a4704195868f80143f9bab2cd6a55,642.0710715088492,21171.300529429256,41390.37474364826
5088eaadcb94c5a306f958728cdd1e28f31a991d9e0f99126c7d25763d57aded,503.1948620393333,21339.38688778419,44674.17254857225
8081684537948411840db8859bdcf5e906c52537bbe2d5181dbdd63f507cde32,334.0817840828563,22662.115380492236,38409.5014967307
a94fa89ac3a9279cc04f951639cab0c9a6a1de67defa34a972e28c2d7af75715,340.3362885328804,22633.631350040305,38731.9819495345
2f48d1df98a5a2fe453183d7d4d33bd02737f5a923ad3d3f69d5bffa7eb6c6f3,525.2906804649376,21270.868332776212,42344.970385964145
bc70523a29b094cbec7775238c95e1e1cbed72bd2e19abe0a2d8285e5c2dfee7,580.2321969662819,21256.860795654524,41048.76801677649
8dc44bb7322dae70a087a72f26394fcdc19036b5198d283555480458020475e7,676.4278752593597,22318.065270945353,36014.7524038569
da561abe964838038e4653d42c61121f987155d043d41aa544d7191b82309e54,578.8912405225582,21113.36666808024,41796.570694812064
50c8e242d8de508a87c751db9188f155d891baca44a05ee108f6bf91b2145ba7,553.0927381624567,21351.472328745946,41070.49168826798
be8603910feef41f191de8c372dd59555def91185808375e5bd254b3dfb31b80,643.084948631914,21378.42450908474,39210.57043749357
2dd34b98287330c74d95d650411d44a81bd00a0c60d8adbd0c0fd1b17991f484,714.6872467665357,22097.128084857075,35832.83211240696
09239137da66be0d214459007cf08bde5ecb30b67d31c05fb913cfce9bf67b52,531.5228191555218,21401.117525876005,40704.27133174933
03ba3f6b5a20aa08e521a8b5a63167581c0c1b7a560590fd6e52e6dd238b95d1,575.994779708738,21117.249034221255,42623.82213382839
585ab0270026f9f6d457ec4a1f575edf345e1c7791678a29d574a86a796be031,551.4252374985361,21145.692110816854,42075.78651129391
05de9ebad18ff0f6e9a849b0ad83ec58dcc26bad0ed7225ebd10fa41cb9f8b97,673.2155422686048,21533.302112782487,38667.13877617996
c865c1ad53c17db6ccc0f57588b1be4a9e1654aa91de0b6aa1c2e42f586ec02a,551.4252374985361,21357.815275790937,40498.22854464554
5fc5c13fc0c57ccf579270eeb18b356dfb757a98db959d04a91f931542cf53fe,664.3868277403692,21309.3068304689,40410.9270987206
44e0233c89b915e0814088635054c048229c24c9c044ba5aece5d86369fe76b2,611.4322919728115,21168.612003190086,41611.23518112248
9a18a4ec93839c6a4f98b7888c2fc65169de0f1a8642ba7377de61b347046f10,594.1868404301553,21196.936648770316,41394.95641580121
7372e108414bd6e7787ad2d27a1795d253e724662f6a08ccd25d6505b1108ff6,535.0008538442835,21057.532347024004,43014.83640518179
195da0a18ae449884081f89ec6de5ea051ecfc5a1794d1ba80a94579382dde41,590.2950982561637,21472.979554750847,39729.69017811188
28a441b0b8564bd73df0667ba7b075f5851136ec63eab72704b19bde62c31981,478.87848657744314,22102.19731404748,39771.956193798535
69421daf2c1d4d8486ac54021592e44c227d4b6a995138a9b58d4f8f85067895,532.1245900032474,21289.195702292338,41793.305006508424
6d12cb1dd36acf5e35019299cf57774b71156f10ba6ad14a3d57e4fceea2bb6a,714.6872460732703,21666.659260528813,37769.405909800655
2dc609aad3e669549601108a00fca96d7d3610a3ffd479a1ea5d834114ed78eb,500.5951574875256,21459.445442096014,42333.95967907303
ed2e4e5a6e6a8c2b1faf9127a21f3743871d240e04d52953dea1f7b0aad30590,522.4103376563069,21243.235608833562,42740.69605984019
952304967711fa0091e962e8a5d6a9bcf0e6a455eb289946bdb4bf335b995d7e,403.28606124669346,22521.33584734455,39207.10861194551
a95ed11ea3c45548ba534a97e1f83605a52a959ee57e4e14d7b9bde3ee4c2838,629.6304965210815,21186.97866658472,41371.60942738471
3be70f75e040ff71333aabb3114af88535cf93b6ba16202fa958a2b63182c0d8,527.8951034336671,21642.10127602621,40347.340494896955
0c04aa548492bc2eb7b32cdaff01238ba9a103db4bcf8236618fefcc3f006170,327.70412705795235,22786.0779553134,39237.06683140151
2f87ce7cb115ca6fbace2ed366ae374fa5a4d0105d019efd726cfb877545c34f,324.2969553018434,22991.910028091486,38733.085689991894
56baa43e2e298d0dea926f4bf5bd223f72adac60fd727dab5343de128fb09a4b,508.395338489205,21800.96785725846,39433.24780106325
6c5b385d6a96dc480b2f9a0f8e79736b9f89fb2baea923d133402371fff445f7,324.2952145638096,23142.2842337318,38977.20679296819
07d98907766abc76930785e561b2f2b1721a675003e456773c353a5b8282cfdd,320.27384647688496,23192.759458688924,39521.828101569205
586d83d02c8fe543e76c9766b43a0bb229151625ce241f06ca8a37f4e0094199,473.8850063833871,21813.744057696702,43186.1562522963
4e0ee879c5919d54ff46012394c2dac05a4ddfd4ae9572f29d450945910088a6,758.2406986834831,21965.053725794085,35888.83883811261
a30ecfcb43a0961a514c78a95c394ffec0c1bc32267ac3e194809a56dad13e53,441.3914777938613,22457.536044060216,38686.0879342287
6d57e92257970c8fe3133133d95fb86bd5dc703db520989326a05fa466b7103f,651.3949072094617,21180.11059189777,41238.752662686304
8fea452a121415358a688f09aee33394e350ab7341bc0180069ce2484b252cdd,563.3323559168787,21134.132222871853,42017.04259804083
bd2b8fa12c99f466f37742ea8cfeea754c8d9b06564ca77096e8ac818b931ae7,784.8872457579572,22013.23039047952,35745.29833526989
1c1c89b667fb8bc9d7a258054a1c5f79e42651a9cc6a26d36557fee331ca1bc7,731.5878316995571,21820.91332877557,36000.3727005193
85b3fb5763cf2fe7001443f0fb6302d0de4ed8eea624d0161e913e4319c98046,530.6714219546524,21492.07717268438,40222.129653867996
12f98b4440765b86e6a129496bb224e9e2879bb586b00a364ca75af15016897e,373.3845040237469,22372.13417374767,39228.772166358875
5ac5ed0c445b2fa33e1f209abfbbd6ed6029e5a335d56a6f8c7ec40047c2223a,509.08893219596956,21318.023429253866,42905.49238548807
7fd6b3c4521314d82da0b2c529cb3e619a1bec8c0ce8c86b2139f0d74f6831a8,715.3406986949993,22024.735643904107,36047.474834119545
74755a2f4f40e19df8c25aec954344254d98ebdf5f003b6cb5345292955ec247,493.40807856498014,21961.13371965369,41131.882856250566
f67e414004c78907a756b8220e707063190b8dab480507947f3cc7f6fbfc6c9c,427.98789009175147,22217.285137791423,40121.80332205786
d12a4f0e5412604d0b51651dea96c9c33d76fa1210602cfd338c1514c2c49c1a,458.5440379164171,21837.087722109987,41322.00261194426
65906f0254ba0a15b73bf5df8bab94c18f1b725367c99864a9791e8bc08c0a41,510.63815024802443,21314.663192717388,42922.32667945065
cce5c61eedfa6b8ed1335f5ae58e735fb87f1ff226b598e30c0a78dea1ee2808,488.37801963127794,21462.86291192271,45419.33646661827
fc3d1520c8c2add4c5bb9f3b60a381ac9fa040685f0d9ccdb03682896b778b32,537.9611764197865,21677.36052466827,38804.12460274765
5541d377aeb439045c24175de5dcd8175446572777e6bf5a7a7870d82b0b2024,414.9830708178223,22120.048606221564,42707.87661145834
46144118edeaf4fb238278ab22f064ceec1cb7e4908d2e4aa063a3b991077ea0,527.8951034336671,21222.086817270516,41829.927801728096
39f97dfc7e758f162ac3b4a78d46e76303786cc6e88c1426ec29741e5e5d43fd,802.4406986247755,21945.97002866501,35870.863966436955
9d4213d2073c165483ed0dcef8d3cc8b53fca1bf5842adf4edfd5f11a94ae88c,793.4234263868466,21949.36018705243,35687.372197598845
63db9881c81641390a7570aba78293cf0f092d742c5a65f112da0057e0c0ceed,575.9872382056692,21207.683122598854,41575.3554595016
f6344f3a84ef9269cddf13baa29c5f2814c0b890ee1eec5ca1c581da0d64ca09,820.6406987051511,21905.346346526625,35928.9921138481
fa93b662d904cfa14139f7be3e493d0363d22acd1d41a17b2ecd796d8f2c9acb,715.3406986949993,22047.204185999988,36035.78835311766
d05574da3b45d453a6e47eed394703b07e290881025fdd2f610140d8f1ecc0c1,375.3855722453801,23207.51984113771,38315.11639965481
8afd7551ab250ddf2f1fa29a0c1b324a99ecfd76d985aefd29fc8bc46fc40932,490.19161982640105,21346.453176434094,46348.47398946582
19a272b9de382f0d5057797667df0c566c180feca920eb490ada3dd67d2364dc,758.2406986834831,21948.288789224294,35911.51544060037
08b4fe9e27b43c69a21236210e10755dea0cb8b414986eb22803ce1490129e0f,396.6070171720563,22031.905884382802,48577.453986290035
da6eb03506e2bca8ac34217c859b25ad759dcc40c5c0bec9cbc775bd70fa8a79,501.54396780795184,21354.93845752402,44542.52411756256
b0c271689daf772b4afc4e1a82ddf0d7daf602527f0624e07223daed16bd62e9,820.6406986793926,22118.230327089575,35652.03635479546
5db3a7a296e51745b034af53bbb53af0b921145db57caf8330662d8c7cf6bfc9,543.4950641333311,21191.13987459155,42724.66198967763
550a5954321870a20b888aee30081b47220b0f0df1a25b758ad034a3d8a33f93,500.0404428216882,21799.638012159463,40634.89655905491
5cd2e899e3b069d5d920046af1f68b668cd896ed79047ed4a56817d7650909be,793.3406987833357,22055.46522292661,35722.392177498405
1a21a9aa1d4dcbb99921ef4007c4b9e41392662fce8c3964ddf89e431a4dea40,355.1436993356369,23223.697907457023,38214.26505681667
98a1f8f2b01b391f2bb0e27ee666a31dff79eff025e691ae43851e87d881bda4,354.48440746009703,22249.127908850503,41131.99786287742
e8d6000a09893ea56e9a96af946db0026a26913f30352632be8c193998c2f411,353.19720698746255,22420.157106475424,41292.41060224314
cbd1f62e51618065c6837fc88804eeba5c306b8e812d9e60a9eeee7b7a6a4f35,553.2125018907283,21312.459802122205,40895.73124557474
821b08efdf7818390cf5c93b26cf5eaad4bb25150b6005fe35f550e29426153d,378.88112780447346,22334.313781096054,39894.05831942677
f486eae3d964a998445333a379e789c5d1ba06b3e282405c9631fbe0d662611e,527.8939206354107,21674.551902748775,40216.139742560656
3e4d1924d858e4913b09b9a00fd3915fc0b5f94d8aa2c7c790823b45d5929fd1,484.99536045375316,21502.009707560777,42123.68302853692
970c5424b11725aea9fa1a80c95c26e422ee7b94783060be7dba2291d055e156,758.2406986834831,22109.412957233857,35666.85751879905
f2456dfe51eb4fd1342bc79abd8254e55f06aee37f64cdc3c7270250c8864c7f,368.03201226204936,22193.111145168335,40727.33578073155
4c874d089ff2398a50dc0c84af0a806ae40d95611736c0a854685c515f137e33,527.8952948466374,21439.731703780755,40476.64395765224
6da08348a46609da84d1a8a0c3ea9deb13e0e38d6058a65f1e771e29dbf02b85,845.3406987049243,21872.02896401588,35957.76871338753
24da3c84670c080a4e0346b7d2acf0a4bd4bf95d971e4a78c52d5525b4468a6d,505.307071710645,21233.150604069207,44110.87180328781
060fe855fd624105a1ce341eebf035679c14d1bc5667aafefeacc7e09c008b17,758.2406986834831,22124.202561421625,35610.65685504862
9a7640623a88159457a0d4c3ff3aac8b154cf810cc2b60b08201c51ac5449824,501.8949410918939,21352.90958536799,43818.74213674522
18397b76dcfe6a9046bc462c4c54989e42b7f8364da8ac2257abc2d184ca76d7,521.4584399862774,21281.873149207087,42755.08558501069
d44add5f36215bb98301953feada3375beb46f8f2bd73955d0692e9b80ff248e,820.6406986776769,22177.152200827775,35533.040058432875
18e5a74549371a239d69db1eb6dd1c2af84625c1e0e5c7c58722e92be5cc35e5,792.1293471236675,22075.468931664356,35708.49152756231
225a5c60956f6461385d3d72dd8655912dc34232dcb3190c624aa9e057e43ff4,543.4949799992118,21370.304338903108,40797.68422600515
72c79850c7017d4ab43a4c953dd08c1761cb95571d356889049ecd042cb842f7,594.1868330904863,21198.71524816875,41430.16919471142
fe0deaa94788657e55989a97a7cea630bd20d0d11cb321bf6c76741d55407338,569.4868162868561,21217.396768434457,41587.28402075835
a5d1ce1abce6b36a454ef073eff60e415419622797be1502fc33695dce19d2ad,608.7406998473417,22387.461554526737,36385.822169999985
05223d209129b1e00e0661d996efa8337111f5b0a21ab47cfbc26d6011dffab5,683.4872467945398,21712.342741720622,36780.59583017471
36d5612fbc073e49a7b7fc7a443fcbc4aa1d9bd66799579972697c06ef6dc5ab,527.8950628947731,21250.46673259201,42696.891872676606
0e4b9dec3f4ba83e0772c950c393cd2633fce01b0ceee98ed5a9736b37295c7b,722.487245783909,22065.655021577164,36035.684964619664
1819379c3428620f0a42772258d165b94383703d0f17374fbc42261e70c06d34,691.2872465921287,22069.70868319084,36000.938919642744
6705e8adf3b44026a41995b36541d9ccb7e999a1e2a60a3ffcd19c92110e2487,691.2872465921287,21868.142272508416,36275.03393668822
14f2fb7f0da2901eddb4a6285a7851d3bae42406021f3fb19b8c968d465d0873,562.9868410736992,21266.293304137547,41098.81134384522
b5459a1c24a97fdfc8a565741b2023dcfc15250e4806a488573318a8a0a2d371,608.7406998473417,22477.807803762324,36277.433563428
ffe7f12221305cd8fa32b693769851b7ac5209523ac052aa358572fe673cf29c,571.0412965511654,22036.156089889093,38415.378931969295
3a5200ab718523a0a052dcbde614812ebeaa15728f025d75e59e87053a2b76bb,604.187250288848,21837.23570893891,36620.621684887425
258d297ee6f3a0d227bcc75a3253842fca80e7eb45353deec716afa4f92cedd3,635.3872495916405,21766.384946700397,36577.806098565015
a4d18fb4ec5f454e53925f3ca3d9ed6d14a79e2d535fd4273434c61bf016b2b2,820.6406986794539,22025.69893647632,35525.047487510914
b57c509494be59bda0534b893687603672a30a7f76cb597f1ba086d48c5feb63,604.187250288848,21673.05912340847,37379.63288503355
87a9da09f43197efb47a3f90cb9320805040b879f8d2d73be487427075545cda,683.4872466351387,21721.26106059333,36695.29627418289
f72e0af7130b79804c1eda5fb0bc1a60285c8907f4b0a42a7ba89d1dd267787d,635.3872502376258,22061.738893548056,36408.015560077474
6966da4d8912cd49b659c9f2aaca54910981b3dc6972d1e4d31f5c68db393a7b,678.9406987838247,22210.450963202285,35825.565520524564
6ef3676b894e3874cd624f06f96854d9527fb62335f84690376de80f55c5c11b,527.8951034336671,21331.800616028344,41235.96727494615
ba26c9c9d9e58669b3d2f3e566a37740ce0f810430c41601011893872fefebc1,692.5872507306265,21762.929428391788,36169.92440247116
65c93843b2dff4c170dfd92eadd852d166ac3a4204401f42b87cc067010e35bf,354.48440746009703,22491.05489401286,40228.48552632895
acfa855f2c7522f9a511ada98f1afed6e1f39859c334999f0691ac1ee73571f3,705.5872492364413,21996.204527572274,36114.006632226345
c42a08c6f6b072f49ef02f765584ee2c395bc0f029def322983d67f0b6264063,683.4872466351387,21719.011155444834,36744.685251708004
605c3f5c99b2e42fca53ac7e83da26c9450e87750820d45e32ac0fe77f21815c,378.88112780447346,22175.89269578635,41340.54211403182
8401f65a498cceb9403b01ea761578834f162d6e688e4e301800073499f63421,643.1872494173386,21963.789247394037,36345.120182187326
d280bd67d150ed7201310fbb397822ec149bc74340f0323c8ce69b10d87a470d,666.5872497262636,21869.481499294878,36129.82392237514
80baa2d4bd4d8894f54680fa8df7ca73522ae80898166246fed89418367978f9,569.0857433078248,22063.822956982032,38065.68666731763
658a046d6e819167be2df63722682eae3f811676937c78852e22d2aa76477c98,578.1844441846195,21214.820911977717,41369.55928276015
866f3b02f9cb514dde21c83346093486f5d8a7205222e791b271c47c5411a445,541.1413546742397,21617.714759741808,40194.36767013091
3f9bbf6a41c142e80fe3d3f56e21e8c00cdb4ef2d4f49e6bd5d019b20b761f0f,572.9872509860555,21862.51192761746,36641.166539528844
9b945e4dc798e7ad3f5215d277ad6a4eea123169b77b5dc61a56257de796f105,354.48440746009703,22242.813935043232,41151.11505007654
0893b76d73c1aa6a3105e6fffe22bedd4ce9cc42a4433d874bc0969dea5b01b6,722.487245783909,22120.36532024415,35789.28968897601
7f16abf8e7a49a82586356cc6d4f3a0b83fccee203d1cbd2c184e9d99a96f04b,643.1872494173386,22019.43649580888,36096.53325431481
032df3cc6b3d9906cf5b7bdfbdc772fcd71117e9bce45ca4719235dc379791c5,722.4872465698099,21648.72061187389,36343.56844617525
893500b6559cb795d98657519738dd1a4d923696d1575f7f19a385e1cb72dae1,652.2872468071791,21827.462871562224,36516.99681905325
b630429fa77d81918981cdc01ce53effb52b358a3c528656d0a5b43e3ba5c6c4,572.9872516320409,21958.258400538874,36604.20055390731
1087fc7243504c73fd7c444d87c8e4fdf47e44ae64f224794c8743ece098c1fe,376.39381547127147,22944.108894999263,38380.61333112956
ab7246de241638bae57d98deec42fbe5972e4e23079bf3d0cbb0617a6320a0a1,635.3872473229609,21955.29744033318,36443.93335578722
c90e00ad5b57167c2736cb8dddeee59b7da96f18bc5877225a96fe8a25c29475,355.7765245691344,22333.147171908247,39924.035799929174
a826b2dca7bf576dcc7067b989e10db0dff4c9deec8b526651f575aea2625e8f,589.6027739478812,21723.064299307065,36902.850506700415
7e2a4581a50cb6e4f61074b0fe6ee892b2ac4d1b9cd70770d1d7c249f0cd742a,671.14069902781,21803.053425717917,36545.68324013324
4a1f510f877ed3d3b2aad5cec10b135f1685ef7475883a45dc1ac0609c05c0ec,604.187250288848,21722.258918033887,37025.483061134866
9e8ba26121fbfd52f0704f4a7df75c8bcf905b219ef9bbcb1cbfc46fb427d763,503.797999788153,21365.6665931729,42045.35100747765
689ac7143b5216d9b4b1a0bf81be3531977be960b887882657045f93066c4d32,527.8951034336671,21656.736877867545,40235.83555204107
1b90f31a2985c9dfa055a9dc1a97c6ecbdd1549b91dea382a83be9206698021e,753.6872457615901,22041.389052279643,35993.0770758436
a00ab9a9861847a1eacec60d66df3271169352a61c8f6ac3a6f3b3a645df6413,624.0751752132375,22159.81751692712,36184.318004455294
921aa29aa4e675c2cccc8adaea53bcc78b221d7e7715222b8d310eaf0a1d6fb2,705.5872492364413,21780.99289071641,36154.198662070485
374faf8572586142c92d94c93124af8737116394ebc2c1d33822b63aed9f6792,608.7406998473417,22156.4239410547,36428.39442300933
ab89913f3de84653c76c8cb33c899624748b81320aa818a5c3fdabecda676648,570.7751788318217,21925.547025628817,38590.06370999381
60a0d091a8c11f1964300a26e9f65804de4f6a2499309dd86a214ecfcb134725,639.940699835882,22427.5004407544,36143.33090066158
